player_name,pos,team_name,snap_num,l_end,l_tckl,l_guard,mid,r_guard,r_tckl,r_end
Justin Bethel,CB,Arizona Cardinals,322,0.2,0.0,0.0,0.5,0.0,0.1,0.2
Harlan Miller,CB,Arizona Cardinals,45,0.0,0.25,0.0,0.5,0.0,0.0,0.25
Patrick Peterson,CB,Arizona Cardinals,237,0.0,0.0,0.0,0.6,0.0,0.2,0.2
Tramon Williams,CB,Arizona Cardinals,138,0.0,0.2,0.2,0.2,0.0,0.0,0.4
Rodney Gunter,DT,Arizona Cardinals,185,0.07692307692307693,0.0,0.0,0.6923076923076923,0.07692307692307693,0.0,0.15384615384615385
Josh Mauro,DT,Arizona Cardinals,284,0.13636363636363635,0.13636363636363635,0.09090909090909091,0.5454545454545454,0.045454545454545456,0.045454545454545456,0.0
Robert Nkemdiche,DT,Arizona Cardinals,133,0.0,0.3,0.0,0.3,0.1,0.3,0.0
Corey Peters,DT,Arizona Cardinals,365,0.15,0.15,0.0,0.35,0.05,0.15,0.15
Olsen Pierre,DT,Arizona Cardinals,308,0.2857142857142857,0.19047619047619047,0.14285714285714285,0.19047619047619047,0.047619047619047616,0.14285714285714285,0.0
Frostee Rucker,DT,Arizona Cardinals,436,0.12,0.24,0.0,0.4,0.12,0.04,0.08
Xavier Williams,DT,Arizona Cardinals,211,0.16666666666666666,0.1111111111111111,0.0,0.2222222222222222,0.16666666666666666,0.2222222222222222,0.1111111111111111
Budda Baker,FS,Arizona Cardinals,364,0.0,0.19047619047619047,0.0,0.47619047619047616,0.047619047619047616,0.2857142857142857,0.0
Tyrann Mathieu,FS,Arizona Cardinals,787,0.2727272727272727,0.0,0.0,0.4090909090909091,0.09090909090909091,0.09090909090909091,0.13636363636363635
Deone Bucannon,LB,Arizona Cardinals,705,0.18604651162790697,0.09302325581395349,0.046511627906976744,0.46511627906976744,0.06976744186046512,0.06976744186046512,0.06976744186046512
Karlos Dansby,LB,Arizona Cardinals,857,0.09615384615384616,0.1346153846153846,0.038461538461538464,0.4423076923076923,0.0,0.07692307692307693,0.21153846153846154
Markus Golden,LB,Arizona Cardinals,230,0.125,0.0,0.0,0.5,0.0,0.25,0.125
Chandler Jones,LB,Arizona Cardinals,973,0.13157894736842105,0.10526315789473684,0.05263157894736842,0.47368421052631576,0.02631578947368421,0.05263157894736842,0.15789473684210525
Kareem Martin,LB,Arizona Cardinals,379,0.0,0.1111111111111111,0.0,0.5,0.05555555555555555,0.1111111111111111,0.2222222222222222
Haason Reddick,LB,Arizona Cardinals,260,0.06666666666666667,0.13333333333333333,0.0,0.26666666666666666,0.0,0.13333333333333333,0.4
Antoine Bethea,SS,Arizona Cardinals,553,0.17857142857142858,0.10714285714285714,0.03571428571428571,0.32142857142857145,0.10714285714285714,0.03571428571428571,0.21428571428571427
Tyvon Branch,SS,Arizona Cardinals,564,0.18421052631578946,0.02631578947368421,0.13157894736842105,0.39473684210526316,0.05263157894736842,0.10526315789473684,0.10526315789473684
Robert Alford,CB,Atlanta Falcons,522,0.3333333333333333,0.4444444444444444,0.0,0.1111111111111111,0.0,0.0,0.1111111111111111
C.J. Goodwin,CB,Atlanta Falcons,47,0.0,0.0,0.0,0.0,0.0,1.0,0.0
Brian Poole,CB,Atlanta Falcons,363,0.3076923076923077,0.0,0.15384615384615385,0.38461538461538464,0.0,0.0,0.15384615384615385
Desmond Trufant,CB,Atlanta Falcons,476,0.36363636363636365,0.0,0.0,0.0,0.0,0.5454545454545454,0.09090909090909091
Adrian Clayborn,DE,Atlanta Falcons,216,0.0,0.0,0.0,0.3333333333333333,0.0,0.6666666666666666,0.0
Takkarist McKinley,DE,Atlanta Falcons,242,0.23076923076923078,0.07692307692307693,0.23076923076923078,0.07692307692307693,0.15384615384615385,0.23076923076923078,0.0
Derrick Shelby,DE,Atlanta Falcons,345,0.14814814814814814,0.25925925925925924,0.14814814814814814,0.14814814814814814,0.14814814814814814,0.07407407407407407,0.07407407407407407
Courtney Upshaw,DE,Atlanta Falcons,48,0.0,0.2,0.2,0.0,0.2,0.2,0.2
Jack Crawford,DT,Atlanta Falcons,70,0.0,0.0,0.0,0.25,0.5,0.25,0.0
Grady Jarrett,DT,Atlanta Falcons,645,0.16279069767441862,0.13953488372093023,0.18604651162790697,0.16279069767441862,0.13953488372093023,0.13953488372093023,0.06976744186046512
Dontari Poe,DT,Atlanta Falcons,690,0.06060606060606061,0.21212121212121213,0.21212121212121213,0.18181818181818182,0.09090909090909091,0.18181818181818182,0.06060606060606061
Keanu Neal,FS,Atlanta Falcons,975,0.1,0.14,0.14,0.16,0.08,0.24,0.14
Vic Beasley,LB,Atlanta Falcons,308,0.1875,0.0,0.25,0.1875,0.1875,0.125,0.0625
De'Vondre Campbell,LB,Atlanta Falcons,950,0.20408163265306123,0.10204081632653061,0.22448979591836735,0.10204081632653061,0.20408163265306123,0.061224489795918366,0.10204081632653061
Deion Jones,LB,Atlanta Falcons,1018,0.16216216216216217,0.10810810810810811,0.12162162162162163,0.16216216216216217,0.14864864864864866,0.1891891891891892,0.10810810810810811
Duke Riley,LB,Atlanta Falcons,186,0.125,0.1875,0.375,0.0,0.1875,0.0625,0.0625
Ricardo Allen,SS,Atlanta Falcons,642,0.16,0.08,0.12,0.04,0.08,0.16,0.36
Damontae Kazee,SS,Atlanta Falcons,136,0.4,0.0,0.1,0.1,0.1,0.2,0.1
Maurice Canady,CB,Baltimore Ravens,141,0.0,0.0,0.25,0.25,0.5,0.0,0.0
Brandon Carr,CB,Baltimore Ravens,647,0.0,0.2,0.06666666666666667,0.06666666666666667,0.3333333333333333,0.13333333333333333,0.2
Marlon Humphrey,CB,Baltimore Ravens,272,0.4,0.4,0.0,0.0,0.0,0.0,0.2
Jimmy Smith,CB,Baltimore Ravens,217,0.0,0.6,0.2,0.0,0.0,0.0,0.2
Brent Urban,DE,Baltimore Ravens,104,0.0,0.0,0.5,0.0,0.0,0.25,0.25
Willie Henry,DT,Baltimore Ravens,448,0.041666666666666664,0.041666666666666664,0.375,0.125,0.2916666666666667,0.08333333333333333,0.041666666666666664
Brandon Williams,DT,Baltimore Ravens,404,0.0,0.03333333333333333,0.26666666666666666,0.2,0.43333333333333335,0.03333333333333333,0.03333333333333333
Lardarius Webb,FS,Baltimore Ravens,305,0.07692307692307693,0.3076923076923077,0.07692307692307693,0.23076923076923078,0.15384615384615385,0.07692307692307693,0.07692307692307693
Eric Weddle,FS,Baltimore Ravens,953,0.08108108108108109,0.13513513513513514,0.2702702702702703,0.13513513513513514,0.24324324324324326,0.08108108108108109,0.05405405405405406
Kamalei Correa,LB,Baltimore Ravens,108,0.16666666666666666,0.0,0.16666666666666666,0.0,0.3333333333333333,0.16666666666666666,0.16666666666666666
Matt Judon,LB,Baltimore Ravens,690,0.09090909090909091,0.18181818181818182,0.15151515151515152,0.030303030303030304,0.24242424242424243,0.21212121212121213,0.09090909090909091
C.J. Mosley,LB,Baltimore Ravens,1077,0.013333333333333334,0.13333333333333333,0.21333333333333335,0.17333333333333334,0.30666666666666664,0.06666666666666667,0.09333333333333334
Patrick Onwuasor,LB,Baltimore Ravens,627,0.03508771929824561,0.14035087719298245,0.24561403508771928,0.14035087719298245,0.2807017543859649,0.05263157894736842,0.10526315789473684
Za'Darius Smith,LB,Baltimore Ravens,325,0.05555555555555555,0.0,0.3333333333333333,0.1111111111111111,0.2222222222222222,0.16666666666666666,0.1111111111111111
Terrell Suggs,LB,Baltimore Ravens,709,0.03125,0.09375,0.3125,0.15625,0.25,0.09375,0.0625
Tim Williams,LB,Baltimore Ravens,85,0.0,0.0,0.2,0.0,0.2,0.4,0.2
Michael Pierce,NT,Baltimore Ravens,587,0.0,0.06521739130434782,0.34782608695652173,0.17391304347826086,0.32608695652173914,0.08695652173913043,0.0
Tony Jefferson,SS,Baltimore Ravens,1083,0.023809523809523808,0.09523809523809523,0.19047619047619047,0.11904761904761904,0.3333333333333333,0.07142857142857142,0.16666666666666666
Anthony Levine,SS,Baltimore Ravens,74,0.2,0.0,0.0,0.0,0.0,0.0,0.8
E.J. Gaines,CB,Buffalo Bills,380,0.35714285714285715,0.07142857142857142,0.14285714285714285,0.14285714285714285,0.21428571428571427,0.0,0.07142857142857142
Leonard Johnson,CB,Buffalo Bills,352,0.3,0.1,0.2,0.1,0.0,0.2,0.1
TreDavious White,CB,Buffalo Bills,751,0.041666666666666664,0.041666666666666664,0.041666666666666664,0.20833333333333334,0.2916666666666667,0.25,0.125
Shareece Wright,CB,Buffalo Bills,322,0.21428571428571427,0.2857142857142857,0.14285714285714285,0.14285714285714285,0.21428571428571427,0.0,0.0
Nordly Capi,DE,Buffalo Bills,41,0.3333333333333333,0.0,0.0,0.3333333333333333,0.3333333333333333,0.0,0.0
Ryan Davis,DE,Buffalo Bills,302,0.06666666666666667,0.13333333333333333,0.2,0.26666666666666666,0.2,0.13333333333333333,0.0
Jerry Hughes,DE,Buffalo Bills,616,0.18421052631578946,0.07894736842105263,0.2631578947368421,0.23684210526315788,0.07894736842105263,0.13157894736842105,0.02631578947368421
Shaq Lawson,DE,Buffalo Bills,355,0.0,0.0,0.11538461538461539,0.46153846153846156,0.11538461538461539,0.11538461538461539,0.19230769230769232
Eddie Yarbrough,DE,Buffalo Bills,391,0.06666666666666667,0.03333333333333333,0.16666666666666666,0.23333333333333334,0.1,0.23333333333333334,0.16666666666666666
Rickey Hatley,DT,Buffalo Bills,25,0.0,0.0,0.0,1.0,0.0,0.0,0.0
Cedric Thornton,DT,Buffalo Bills,289,0.19047619047619047,0.14285714285714285,0.23809523809523808,0.2857142857142857,0.047619047619047616,0.09523809523809523,0.0
Adolphus Washington,DT,Buffalo Bills,429,0.1,0.2,0.03333333333333333,0.3333333333333333,0.1,0.16666666666666666,0.06666666666666667
Kyle Williams,DT,Buffalo Bills,756,0.05714285714285714,0.17142857142857143,0.11428571428571428,0.45714285714285713,0.14285714285714285,0.05714285714285714,0.0
Jerel Worthy,DT,Buffalo Bills,49,0.0,0.0,0.3333333333333333,0.0,0.3333333333333333,0.3333333333333333,0.0
Jordan Poyer,FS,Buffalo Bills,1038,0.041666666666666664,0.125,0.20833333333333334,0.3333333333333333,0.0625,0.10416666666666667,0.125
Lorenzo Alexander,LB,Buffalo Bills,581,0.08108108108108109,0.16216216216216217,0.05405405405405406,0.32432432432432434,0.16216216216216217,0.10810810810810811,0.10810810810810811
Preston Brown,LB,Buffalo Bills,1098,0.125,0.1625,0.0375,0.3375,0.125,0.125,0.0875
Ramon Humber,LB,Buffalo Bills,549,0.0851063829787234,0.10638297872340426,0.1276595744680851,0.2978723404255319,0.1276595744680851,0.19148936170212766,0.06382978723404255
Matt Milano,LB,Buffalo Bills,415,0.2,0.12,0.12,0.28,0.12,0.0,0.16
Trae Elston,SS,Buffalo Bills,92,0.2,0.0,0.0,0.4,0.0,0.4,0.0
Micah Hyde,SS,Buffalo Bills,745,0.13157894736842105,0.10526315789473684,0.10526315789473684,0.3157894736842105,0.05263157894736842,0.10526315789473684,0.18421052631578946
James Bradberry,CB,Carolina Panthers,866,0.0,0.09090909090909091,0.09090909090909091,0.13636363636363635,0.09090909090909091,0.4090909090909091,0.18181818181818182
Captain Munnerlyn,CB,Carolina Panthers,117,0.0,0.0,0.3333333333333333,0.3333333333333333,0.0,0.3333333333333333,0.0
Daryl Worley,CB,Carolina Panthers,458,0.14285714285714285,0.21428571428571427,0.2857142857142857,0.14285714285714285,0.14285714285714285,0.0,0.07142857142857142
Mario Addison,DE,Carolina Panthers,605,0.14285714285714285,0.21428571428571427,0.10714285714285714,0.21428571428571427,0.14285714285714285,0.10714285714285714,0.07142857142857142
Wes Horton,DE,Carolina Panthers,146,0.1111111111111111,0.1111111111111111,0.1111111111111111,0.3333333333333333,0.0,0.2222222222222222,0.1111111111111111
Julius Peppers,DE,Carolina Panthers,380,0.05555555555555555,0.2222222222222222,0.05555555555555555,0.3333333333333333,0.1111111111111111,0.16666666666666666,0.05555555555555555
Vernon Butler,DT,Carolina Panthers,188,0.0,0.08333333333333333,0.0,0.4166666666666667,0.16666666666666666,0.3333333333333333,0.0
Star Lotulelei,DT,Carolina Panthers,477,0.0,0.25,0.1,0.35,0.05,0.15,0.1
Kyle Love,DT,Carolina Panthers,213,0.0,0.09090909090909091,0.2727272727272727,0.5454545454545454,0.09090909090909091,0.0,0.0
Kawann Short,DT,Carolina Panthers,653,0.05,0.225,0.1,0.375,0.125,0.1,0.025
Jairus Byrd,FS,Carolina Panthers,38,0.0,0.0,0.25,0.25,0.0,0.25,0.25
Kurt Coleman,FS,Carolina Panthers,637,0.034482758620689655,0.20689655172413793,0.06896551724137931,0.41379310344827586,0.13793103448275862,0.10344827586206896,0.034482758620689655
Colin Jones,FS,Carolina Panthers,170,0.0,0.0,0.3076923076923077,0.07692307692307693,0.15384615384615385,0.3076923076923077,0.15384615384615385
Thomas Davis,LB,Carolina Panthers,766,0.1951219512195122,0.07317073170731707,0.0975609756097561,0.21951219512195122,0.12195121951219512,0.17073170731707318,0.12195121951219512
Luke Kuechly,LB,Carolina Panthers,915,0.1,0.18571428571428572,0.11428571428571428,0.24285714285714285,0.08571428571428572,0.1,0.17142857142857143
David Mayo,LB,Carolina Panthers,113,0.2222222222222222,0.0,0.1111111111111111,0.2222222222222222,0.2222222222222222,0.0,0.2222222222222222
Shaq Thompson,LB,Carolina Panthers,601,0.13333333333333333,0.23333333333333334,0.03333333333333333,0.2,0.06666666666666667,0.16666666666666666,0.16666666666666666
Mike Adams,SS,Carolina Panthers,963,0.07894736842105263,0.05263157894736842,0.13157894736842105,0.34210526315789475,0.13157894736842105,0.13157894736842105,0.13157894736842105
Demetrious Cox,SS,Carolina Panthers,38,0.0,0.0,1.0,0.0,0.0,0.0,0.0
Prince Amukamara,CB,Chicago Bears,522,0.7692307692307693,0.07692307692307693,0.0,0.0,0.07692307692307693,0.0,0.07692307692307693
Bryce Callahan,CB,Chicago Bears,220,0.2,0.0,0.0,0.2,0.2,0.2,0.2
Marcus Cooper,CB,Chicago Bears,83,0.0,0.0,0.0,0.25,0.25,0.25,0.25
Kyle Fuller,CB,Chicago Bears,593,0.10526315789473684,0.10526315789473684,0.05263157894736842,0.05263157894736842,0.15789473684210525,0.2631578947368421,0.2631578947368421
Cre'von LeBlanc,CB,Chicago Bears,167,0.0,0.2,0.0,0.0,0.0,0.2,0.6
Jonathan Bullard,DE,Chicago Bears,322,0.045454545454545456,0.13636363636363635,0.13636363636363635,0.22727272727272727,0.18181818181818182,0.13636363636363635,0.13636363636363635
Akiem Hicks,DE,Chicago Bears,899,0.022727272727272728,0.11363636363636363,0.18181818181818182,0.20454545454545456,0.25,0.11363636363636363,0.11363636363636363
Roy Robertson-Harris,DE,Chicago Bears,119,0.0,0.4444444444444444,0.0,0.4444444444444444,0.0,0.0,0.1111111111111111
Mitch Unrein,DE,Chicago Bears,358,0.1111111111111111,0.07407407407407407,0.2222222222222222,0.2962962962962963,0.14814814814814814,0.14814814814814814,0.0
Adrian Amos,FS,Chicago Bears,595,0.17857142857142858,0.25,0.14285714285714285,0.21428571428571427,0.03571428571428571,0.07142857142857142,0.10714285714285714
Eddie Jackson,FS,Chicago Bears,727,0.0967741935483871,0.0967741935483871,0.25806451612903225,0.22580645161290322,0.0967741935483871,0.0967741935483871,0.12903225806451613
Sam Acho,LB,Chicago Bears,481,0.12,0.24,0.08,0.12,0.12,0.28,0.04
Jonathan Anderson,LB,Chicago Bears,31,0.0,0.25,0.0,0.0,0.25,0.5,0.0
Leonard Floyd,LB,Chicago Bears,463,0.14285714285714285,0.14285714285714285,0.19047619047619047,0.14285714285714285,0.047619047619047616,0.23809523809523808,0.09523809523809523
Jerrell Freeman,LB,Chicago Bears,56,0.0,0.0,0.0,0.0,0.2,0.6,0.2
Lamarr Houston,LB,Chicago Bears,219,0.1111111111111111,0.1111111111111111,0.1111111111111111,0.2222222222222222,0.1111111111111111,0.2222222222222222,0.1111111111111111
Isaiah Irving,LB,Chicago Bears,36,0.0,0.0,0.0,0.0,0.0,0.0,1.0
Christian Jones,LB,Chicago Bears,573,0.13953488372093023,0.13953488372093023,0.18604651162790697,0.06976744186046512,0.13953488372093023,0.18604651162790697,0.13953488372093023
Nick Kwiatkoski,LB,Chicago Bears,319,0.045454545454545456,0.13636363636363635,0.13636363636363635,0.09090909090909091,0.18181818181818182,0.22727272727272727,0.18181818181818182
Pernell McPhee,LB,Chicago Bears,285,0.07692307692307693,0.15384615384615385,0.23076923076923078,0.15384615384615385,0.15384615384615385,0.07692307692307693,0.15384615384615385
John Timu,LB,Chicago Bears,108,0.14285714285714285,0.2857142857142857,0.0,0.2857142857142857,0.0,0.0,0.2857142857142857
Danny Trevathan,LB,Chicago Bears,713,0.10714285714285714,0.19642857142857142,0.25,0.125,0.19642857142857142,0.05357142857142857,0.07142857142857142
Willie Young,LB,Chicago Bears,99,0.0,0.0,0.5,0.0,0.0,0.25,0.25
Eddie Goldman,NT,Chicago Bears,587,0.05405405405405406,0.13513513513513514,0.21621621621621623,0.10810810810810811,0.35135135135135137,0.13513513513513514,0.0
John Jenkins,NT,Chicago Bears,95,0.125,0.125,0.0,0.375,0.25,0.0,0.125
Deon Bush,SS,Chicago Bears,76,0.0,0.5,0.0,0.0,0.5,0.0,0.0
Quintin Demps,SS,Chicago Bears,177,0.14285714285714285,0.0,0.42857142857142855,0.14285714285714285,0.0,0.14285714285714285,0.14285714285714285
Darqueze Dennard,CB,Cincinnati Bengals,809,0.16666666666666666,0.125,0.125,0.2916666666666667,0.125,0.041666666666666664,0.125
William Jackson,CB,Cincinnati Bengals,337,0.2,0.1,0.4,0.2,0.0,0.0,0.1
Adam Jones,CB,Cincinnati Bengals,163,0.42857142857142855,0.14285714285714285,0.2857142857142857,0.0,0.14285714285714285,0.0,0.0
Dre Kirkpatrick,CB,Cincinnati Bengals,548,0.0,0.13333333333333333,0.06666666666666667,0.2,0.0,0.3333333333333333,0.26666666666666666
Josh Shaw,CB,Cincinnati Bengals,389,0.17647058823529413,0.11764705882352941,0.23529411764705882,0.11764705882352941,0.23529411764705882,0.058823529411764705,0.058823529411764705
Carlos Dunlap,DE,Cincinnati Bengals,778,0.1,0.16666666666666666,0.23333333333333334,0.23333333333333334,0.1,0.06666666666666667,0.1
Michael Johnson,DE,Cincinnati Bengals,612,0.21052631578947367,0.13157894736842105,0.21052631578947367,0.15789473684210525,0.18421052631578946,0.02631578947368421,0.07894736842105263
Chris Smith,DE,Cincinnati Bengals,294,0.0,0.25,0.0625,0.375,0.0625,0.0625,0.1875
Jordan Willis,DE,Cincinnati Bengals,339,0.13636363636363635,0.18181818181818182,0.22727272727272727,0.18181818181818182,0.13636363636363635,0.045454545454545456,0.09090909090909091
Geno Atkins,DT,Cincinnati Bengals,692,0.08333333333333333,0.05555555555555555,0.3055555555555556,0.25,0.19444444444444445,0.05555555555555555,0.05555555555555555
Ryan Glasgow,DT,Cincinnati Bengals,353,0.043478260869565216,0.13043478260869565,0.043478260869565216,0.30434782608695654,0.17391304347826086,0.08695652173913043,0.21739130434782608
Clayton Fejedelem,FS,Cincinnati Bengals,337,0.22857142857142856,0.08571428571428572,0.2,0.22857142857142856,0.08571428571428572,0.05714285714285714,0.11428571428571428
George Iloka,FS,Cincinnati Bengals,922,0.09615384615384616,0.1346153846153846,0.21153846153846154,0.2692307692307692,0.057692307692307696,0.15384615384615385,0.07692307692307693
Brandon Bell,LB,Cincinnati Bengals,30,0.0,0.0,0.6666666666666666,0.3333333333333333,0.0,0.0,0.0
Vontaze Burfict,LB,Cincinnati Bengals,588,0.1388888888888889,0.05555555555555555,0.2222222222222222,0.1388888888888889,0.25,0.08333333333333333,0.1111111111111111
Jordan Evans,LB,Cincinnati Bengals,253,0.07142857142857142,0.07142857142857142,0.0,0.35714285714285715,0.14285714285714285,0.07142857142857142,0.2857142857142857
Carl Lawson,LB,Cincinnati Bengals,137,0.0,0.2,0.2,0.2,0.4,0.0,0.0
Kevin Minter,LB,Cincinnati Bengals,189,0.21428571428571427,0.17857142857142858,0.10714285714285714,0.07142857142857142,0.2857142857142857,0.07142857142857142,0.07142857142857142
Hardy Nickerson,LB,Cincinnati Bengals,137,0.1,0.2,0.3,0.1,0.2,0.1,0.0
Vincent Rey,LB,Cincinnati Bengals,542,0.057692307692307696,0.11538461538461539,0.21153846153846154,0.21153846153846154,0.17307692307692307,0.17307692307692307,0.057692307692307696
Nick Vigil,LB,Cincinnati Bengals,759,0.21951219512195122,0.17073170731707318,0.07317073170731707,0.3170731707317073,0.0975609756097561,0.0975609756097561,0.024390243902439025
Andrew Billings,NT,Cincinnati Bengals,229,0.07692307692307693,0.23076923076923078,0.15384615384615385,0.3076923076923077,0.23076923076923078,0.0,0.0
Pat Sims,NT,Cincinnati Bengals,208,0.08333333333333333,0.20833333333333334,0.125,0.375,0.125,0.08333333333333333,0.0
Shawn Williams,SS,Cincinnati Bengals,578,0.1724137931034483,0.13793103448275862,0.2413793103448276,0.20689655172413793,0.10344827586206896,0.06896551724137931,0.06896551724137931
Briean Boddy-Calhoun,CB,Cleveland Browns,280,0.18181818181818182,0.0,0.09090909090909091,0.0,0.45454545454545453,0.0,0.2727272727272727
Mike Jordan,CB,Cleveland Browns,73,0.0,0.0,0.0,0.0,0.6,0.4,0.0
Jason McCourty,CB,Cleveland Browns,330,0.1,0.2,0.2,0.1,0.2,0.1,0.1
Jamar Taylor,CB,Cleveland Browns,658,0.0625,0.125,0.125,0.125,0.25,0.25,0.0625
Myles Garrett,DE,Cleveland Browns,457,0.09523809523809523,0.14285714285714285,0.14285714285714285,0.23809523809523808,0.23809523809523808,0.14285714285714285,0.0
Carl Nassib,DE,Cleveland Browns,596,0.038461538461538464,0.07692307692307693,0.038461538461538464,0.2692307692307692,0.46153846153846156,0.11538461538461539,0.0
Emmanuel Ogbah,DE,Cleveland Browns,341,0.0,0.08333333333333333,0.08333333333333333,0.125,0.2916666666666667,0.3333333333333333,0.08333333333333333
Nate Orchard,DE,Cleveland Browns,314,0.0,0.17647058823529413,0.17647058823529413,0.11764705882352941,0.35294117647058826,0.17647058823529413,0.0
Caleb Brantley,DT,Cleveland Browns,174,0.0,0.21428571428571427,0.35714285714285715,0.07142857142857142,0.21428571428571427,0.0,0.14285714285714285
Trevon Coley,DT,Cleveland Browns,617,0.11764705882352941,0.17647058823529413,0.11764705882352941,0.11764705882352941,0.23529411764705882,0.17647058823529413,0.058823529411764705
Jamie Meder,DT,Cleveland Browns,143,0.16666666666666666,0.16666666666666666,0.25,0.08333333333333333,0.3333333333333333,0.0,0.0
Larry Ogunjobi,DT,Cleveland Browns,265,0.06666666666666667,0.13333333333333333,0.26666666666666666,0.1,0.3,0.1,0.03333333333333333
Danny Shelton,DT,Cleveland Browns,408,0.06060606060606061,0.030303030303030304,0.12121212121212122,0.21212121212121213,0.24242424242424243,0.2727272727272727,0.06060606060606061
Ibraheim Campbell,FS,Cleveland Browns,162,0.0,0.0,0.25,0.125,0.25,0.25,0.125
Jabrill Peppers,FS,Cleveland Browns,745,0.14814814814814814,0.1111111111111111,0.18518518518518517,0.07407407407407407,0.2962962962962963,0.14814814814814814,0.037037037037037035
James Burgess,LB,Cleveland Browns,558,0.1794871794871795,0.1282051282051282,0.1282051282051282,0.10256410256410256,0.28205128205128205,0.10256410256410256,0.07692307692307693
Jamie Collins,LB,Cleveland Browns,323,0.05263157894736842,0.15789473684210525,0.2631578947368421,0.15789473684210525,0.2631578947368421,0.10526315789473684,0.0
Lavar Edwards,LB,Cleveland Browns,40,0.0,0.0,0.5,0.0,0.5,0.0,0.0
Christian Kirksey,LB,Cleveland Browns,1068,0.09375,0.109375,0.15625,0.171875,0.234375,0.1875,0.046875
Joe Schobert,LB,Cleveland Browns,1068,0.1111111111111111,0.06060606060606061,0.12121212121212122,0.1414141414141414,0.35353535353535354,0.16161616161616163,0.050505050505050504
T.Y. McGill,NT,Cleveland Browns,26,0.0,1.0,0.0,0.0,0.0,0.0,0.0
Justin Currie,SS,Cleveland Browns,21,0.0,0.0,0.0,1.0,0.0,0.0,0.0
Derrick Kindred,SS,Cleveland Browns,638,0.03333333333333333,0.1,0.23333333333333334,0.13333333333333333,0.36666666666666664,0.1,0.03333333333333333
Kai Nacua,SS,Cleveland Browns,114,0.5,0.0,0.5,0.0,0.0,0.0,0.0
Chidobe Awuzie,CB,Dallas Cowboys,235,0.0,0.0,0.0,0.0,0.0,0.5714285714285714,0.42857142857142855
Anthony Brown,CB,Dallas Cowboys,541,0.0,0.2,0.13333333333333333,0.06666666666666667,0.13333333333333333,0.06666666666666667,0.4
Jourdan Lewis,CB,Dallas Cowboys,473,0.5333333333333333,0.13333333333333333,0.06666666666666667,0.13333333333333333,0.0,0.06666666666666667,0.06666666666666667
Orlando Scandrick,CB,Dallas Cowboys,438,0.38461538461538464,0.07692307692307693,0.15384615384615385,0.07692307692307693,0.23076923076923078,0.07692307692307693,0.0
Taco Charlton,DE,Dallas Cowboys,212,0.0,0.0,0.16666666666666666,0.4166666666666667,0.16666666666666666,0.16666666666666666,0.08333333333333333
Tyrone Crawford,DE,Dallas Cowboys,508,0.19047619047619047,0.19047619047619047,0.047619047619047616,0.42857142857142855,0.047619047619047616,0.09523809523809523,0.0
David Irving,DE,Dallas Cowboys,290,0.07142857142857142,0.07142857142857142,0.14285714285714285,0.2857142857142857,0.07142857142857142,0.21428571428571427,0.14285714285714285
Datone Jones,DE,Dallas Cowboys,117,0.14285714285714285,0.0,0.14285714285714285,0.5714285714285714,0.14285714285714285,0.0,0.0
Demarcus Lawrence,DE,Dallas Cowboys,635,0.027777777777777776,0.1111111111111111,0.1111111111111111,0.3333333333333333,0.16666666666666666,0.16666666666666666,0.08333333333333333
Benson Mayowa,DE,Dallas Cowboys,257,0.06666666666666667,0.2,0.0,0.6,0.06666666666666667,0.0,0.06666666666666667
Richard Ash,DT,Dallas Cowboys,174,0.07142857142857142,0.14285714285714285,0.14285714285714285,0.35714285714285715,0.21428571428571427,0.07142857142857142,0.0
Maliek Collins,DT,Dallas Cowboys,428,0.125,0.0625,0.125,0.1875,0.125,0.125,0.25
Lewis Neal,DT,Dallas Cowboys,109,0.14285714285714285,0.0,0.2857142857142857,0.42857142857142855,0.14285714285714285,0.0,0.0
Stephen Paea,DT,Dallas Cowboys,77,0.0,0.0,0.5,0.5,0.0,0.0,0.0
Daniel Ross,DT,Dallas Cowboys,48,0.0,0.0,0.0,0.3333333333333333,0.0,0.6666666666666666,0.0
Byron Jones,FS,Dallas Cowboys,768,0.12903225806451613,0.3548387096774194,0.06451612903225806,0.06451612903225806,0.16129032258064516,0.0967741935483871,0.12903225806451613
Xavier Woods,FS,Dallas Cowboys,274,0.16666666666666666,0.16666666666666666,0.0,0.4166666666666667,0.0,0.08333333333333333,0.16666666666666666
Justin Durant,LB,Dallas Cowboys,96,0.125,0.125,0.0,0.375,0.25,0.125,0.0
Anthony Hitchens,LB,Dallas Cowboys,545,0.16,0.22,0.06,0.26,0.1,0.14,0.06
Sean Lee,LB,Dallas Cowboys,614,0.0784313725490196,0.17647058823529413,0.11764705882352941,0.23529411764705882,0.17647058823529413,0.0784313725490196,0.13725490196078433
Damien Wilson,LB,Dallas Cowboys,226,0.17647058823529413,0.23529411764705882,0.058823529411764705,0.17647058823529413,0.11764705882352941,0.058823529411764705,0.17647058823529413
Jeff Heath,SS,Dallas Cowboys,596,0.35714285714285715,0.07142857142857142,0.03571428571428571,0.21428571428571427,0.03571428571428571,0.10714285714285714,0.17857142857142858
Chris Harris,CB,Denver Broncos,325,0.3,0.2,0.1,0.2,0.1,0.0,0.1
Brendan Langley,CB,Denver Broncos,43,0.0,0.0,0.0,1.0,0.0,0.0,0.0
Bradley Roby,CB,Denver Broncos,276,0.25,0.25,0.0,0.375,0.0,0.125,0.0
Aqib Talib,CB,Denver Broncos,291,0.0,0.0,0.0,0.2857142857142857,0.0,0.5714285714285714,0.14285714285714285
Adam Gotsis,DE,Denver Broncos,434,0.14285714285714285,0.11428571428571428,0.11428571428571428,0.5428571428571428,0.02857142857142857,0.05714285714285714,0.0
Shelby Harris,DE,Denver Broncos,490,0.17857142857142858,0.14285714285714285,0.14285714285714285,0.32142857142857145,0.03571428571428571,0.10714285714285714,0.07142857142857142
Zach Kerr,DE,Denver Broncos,223,0.0,0.05555555555555555,0.2777777777777778,0.4444444444444444,0.1111111111111111,0.05555555555555555,0.05555555555555555
Derek Wolfe,DE,Denver Broncos,458,0.14814814814814814,0.14814814814814814,0.07407407407407407,0.48148148148148145,0.07407407407407407,0.07407407407407407,0.0
Kyle Peko,DT,Denver Broncos,51,0.0,0.0,0.2,0.2,0.6,0.0,0.0
Will Parks,FS,Denver Broncos,461,0.043478260869565216,0.08695652173913043,0.13043478260869565,0.5652173913043478,0.0,0.043478260869565216,0.13043478260869565
Darian Stewart,FS,Denver Broncos,711,0.2571428571428571,0.05714285714285714,0.02857142857142857,0.45714285714285713,0.08571428571428572,0.05714285714285714,0.05714285714285714
Shaquil Barrett,LB,Denver Broncos,576,0.07692307692307693,0.19230769230769232,0.15384615384615385,0.2692307692307692,0.0,0.11538461538461539,0.19230769230769232
Todd Davis,LB,Denver Broncos,504,0.06557377049180328,0.18032786885245902,0.11475409836065574,0.36065573770491804,0.14754098360655737,0.06557377049180328,0.06557377049180328
Kasim Edebali,LB,Denver Broncos,19,0.0,0.0,0.0,1.0,0.0,0.0,0.0
Jerrol Garcia-Williams,LB,Denver Broncos,23,0.0,1.0,0.0,0.0,0.0,0.0,0.0
Brandon Marshall,LB,Denver Broncos,909,0.09615384615384616,0.17307692307692307,0.11538461538461539,0.3076923076923077,0.1346153846153846,0.038461538461538464,0.1346153846153846
Von Miller,LB,Denver Broncos,706,0.024390243902439025,0.12195121951219512,0.07317073170731707,0.2926829268292683,0.0975609756097561,0.0975609756097561,0.2926829268292683
Deiontrez Mount,LB,Denver Broncos,39,0.0,0.16666666666666666,0.0,0.5,0.0,0.3333333333333333,0.0
Shane Ray,LB,Denver Broncos,354,0.07692307692307693,0.23076923076923078,0.0,0.3076923076923077,0.07692307692307693,0.15384615384615385,0.15384615384615385
Domata Peko,NT,Denver Broncos,436,0.030303030303030304,0.18181818181818182,0.12121212121212122,0.42424242424242425,0.15151515151515152,0.030303030303030304,0.06060606060606061
Dymonte Thomas,S,Denver Broncos,57,0.0,0.0,0.0,0.0,0.0,1.0,0.0
Justin Simmons,SS,Denver Broncos,679,0.2571428571428571,0.14285714285714285,0.17142857142857143,0.2857142857142857,0.02857142857142857,0.0,0.11428571428571428
Jamal Agnew,CB,Detroit Lions,57,0.0,0.0,0.0,1.0,0.0,0.0,0.0
Quandre Diggs,CB,Detroit Lions,507,0.11764705882352941,0.11764705882352941,0.11764705882352941,0.29411764705882354,0.17647058823529413,0.058823529411764705,0.11764705882352941
D.J. Hayden,CB,Detroit Lions,200,0.2857142857142857,0.42857142857142855,0.0,0.2857142857142857,0.0,0.0,0.0
Nevin Lawson,CB,Detroit Lions,363,0.06666666666666667,0.2,0.06666666666666667,0.3333333333333333,0.13333333333333333,0.0,0.2
Darius Slay,CB,Detroit Lions,400,0.125,0.0,0.375,0.125,0.125,0.125,0.125
Teez Tabor,CB,Detroit Lions,44,1.0,0.0,0.0,0.0,0.0,0.0,0.0
Ezekiel Ansah,DE,Detroit Lions,447,0.0,0.08333333333333333,0.125,0.5833333333333334,0.041666666666666664,0.08333333333333333,0.08333333333333333
Jacquies Smith,DE,Detroit Lions,39,1.0,0.0,0.0,0.0,0.0,0.0,0.0
Cornelius Washington,DE,Detroit Lions,386,0.1,0.15,0.05,0.25,0.2,0.1,0.15
Anthony Zettel,DE,Detroit Lions,655,0.1,0.1,0.1,0.43333333333333335,0.13333333333333333,0.03333333333333333,0.1
Jeremiah Ledbetter,DT,Detroit Lions,256,0.08333333333333333,0.08333333333333333,0.25,0.4166666666666667,0.0,0.16666666666666666,0.0
Haloti Ngata,DT,Detroit Lions,78,0.4,0.0,0.0,0.2,0.0,0.2,0.2
Christian Ringo,DT,Detroit Lions,38,0.0,0.3333333333333333,0.3333333333333333,0.0,0.3333333333333333,0.0,0.0
A'Shawn Robinson,DT,Detroit Lions,689,0.0851063829787234,0.10638297872340426,0.0851063829787234,0.40425531914893614,0.1276595744680851,0.14893617021276595,0.0425531914893617
Akeem Spence,DT,Detroit Lions,563,0.03225806451612903,0.16129032258064516,0.16129032258064516,0.1935483870967742,0.1935483870967742,0.22580645161290322,0.03225806451612903
Khyri Thornton,DT,Detroit Lions,58,0.25,0.0,0.0,0.5,0.25,0.0,0.0
Glover Quin,FS,Detroit Lions,1054,0.17073170731707318,0.1951219512195122,0.024390243902439025,0.21951219512195122,0.0975609756097561,0.17073170731707318,0.12195121951219512
Charles Washington,FS,Detroit Lions,50,0.3333333333333333,0.0,0.0,0.3333333333333333,0.3333333333333333,0.0,0.0
Nick Bellore,LB,Detroit Lions,77,0.0,0.25,0.0,0.25,0.0,0.0,0.5
Jarrad Davis,LB,Detroit Lions,828,0.11538461538461539,0.17307692307692307,0.07692307692307693,0.3269230769230769,0.1346153846153846,0.09615384615384616,0.07692307692307693
Jalen Reeves-Maybin,LB,Detroit Lions,107,0.0,0.5,0.0,0.1,0.0,0.2,0.2
Tahir Whitehead,LB,Detroit Lions,950,0.11594202898550725,0.18840579710144928,0.08695652173913043,0.2318840579710145,0.08695652173913043,0.17391304347826086,0.11594202898550725
Paul Worrilow,LB,Detroit Lions,235,0.0,0.13636363636363635,0.13636363636363635,0.3181818181818182,0.13636363636363635,0.13636363636363635,0.13636363636363635
Miles Killebrew,SS,Detroit Lions,206,0.0625,0.125,0.1875,0.1875,0.125,0.0625,0.25
Tavon Wilson,SS,Detroit Lions,546,0.14814814814814814,0.14814814814814814,0.1111111111111111,0.2222222222222222,0.037037037037037035,0.14814814814814814,0.18518518518518517
Davon House,CB,Green Bay Packers,425,0.07692307692307693,0.07692307692307693,0.0,0.15384615384615385,0.07692307692307693,0.23076923076923078,0.38461538461538464
Kevin King,CB,Green Bay Packers,150,0.7142857142857143,0.2857142857142857,0.0,0.0,0.0,0.0,0.0
Lenzy Pipkins,CB,Green Bay Packers,117,0.2,0.2,0.0,0.0,0.0,0.6,0.0
Damarious Randall,CB,Green Bay Packers,586,0.3125,0.25,0.0,0.125,0.0625,0.1875,0.0625
Quinten Rollins,CB,Green Bay Packers,109,0.42857142857142855,0.14285714285714285,0.0,0.2857142857142857,0.14285714285714285,0.0,0.0
Dean Lowry,DE,Green Bay Packers,479,0.1111111111111111,0.1111111111111111,0.14814814814814814,0.2222222222222222,0.1111111111111111,0.1111111111111111,0.18518518518518517
Mike Daniels,DT,Green Bay Packers,580,0.024390243902439025,0.07317073170731707,0.17073170731707318,0.24390243902439024,0.17073170731707318,0.14634146341463414,0.17073170731707318
Kentrell Brice,FS,Green Bay Packers,289,0.09090909090909091,0.09090909090909091,0.0,0.2727272727272727,0.09090909090909091,0.0,0.45454545454545453
Ha Ha Clinton-Dix,FS,Green Bay Packers,995,0.2,0.03333333333333333,0.2,0.06666666666666667,0.16666666666666666,0.23333333333333334,0.1
Vince Biegel,LB,Green Bay Packers,99,0.0,0.25,0.125,0.125,0.125,0.125,0.25
Ahmad Brooks,LB,Green Bay Packers,290,0.06666666666666667,0.13333333333333333,0.26666666666666666,0.3333333333333333,0.0,0.06666666666666667,0.13333333333333333
Kyler Fackrell,LB,Green Bay Packers,298,0.15384615384615385,0.0,0.07692307692307693,0.23076923076923078,0.07692307692307693,0.15384615384615385,0.3076923076923077
Blake Martinez,LB,Green Bay Packers,979,0.12359550561797752,0.07865168539325842,0.0898876404494382,0.30337078651685395,0.16853932584269662,0.1348314606741573,0.10112359550561797
Clay Matthews,LB,Green Bay Packers,643,0.07407407407407407,0.037037037037037035,0.1111111111111111,0.3333333333333333,0.2222222222222222,0.037037037037037035,0.18518518518518517
Nick Perry,LB,Green Bay Packers,479,0.18518518518518517,0.1111111111111111,0.14814814814814814,0.2222222222222222,0.2222222222222222,0.0,0.1111111111111111
Jake Ryan,LB,Green Bay Packers,507,0.16129032258064516,0.1774193548387097,0.1774193548387097,0.24193548387096775,0.11290322580645161,0.08064516129032258,0.04838709677419355
Kenny Clark,NT,Green Bay Packers,684,0.02040816326530612,0.10204081632653061,0.14285714285714285,0.3673469387755102,0.20408163265306123,0.14285714285714285,0.02040816326530612
Quinton Dial,NT,Green Bay Packers,222,0.0625,0.0625,0.1875,0.25,0.1875,0.1875,0.0625
Morgan Burnett,SS,Green Bay Packers,682,0.11428571428571428,0.08571428571428572,0.22857142857142856,0.2,0.2,0.08571428571428572,0.08571428571428572
Josh Jones,SS,Green Bay Packers,614,0.038461538461538464,0.11538461538461539,0.15384615384615385,0.15384615384615385,0.11538461538461539,0.23076923076923078,0.19230769230769232
Johnthan Banks,CB,Houston Texans,26,1.0,0.0,0.0,0.0,0.0,0.0,0.0
Kareem Jackson,CB,Houston Texans,536,0.30434782608695654,0.13043478260869565,0.043478260869565216,0.2608695652173913,0.0,0.13043478260869565,0.13043478260869565
Kevin Johnson,CB,Houston Texans,385,0.26666666666666666,0.06666666666666667,0.06666666666666667,0.06666666666666667,0.26666666666666666,0.2,0.06666666666666667
Johnathan Joseph,CB,Houston Texans,439,0.07142857142857142,0.0,0.0,0.14285714285714285,0.21428571428571427,0.2857142857142857,0.2857142857142857
Marcus Williams,CB,Houston Texans,38,0.5,0.5,0.0,0.0,0.0,0.0,0.0
Angelo Blackson,DE,Houston Texans,120,0.2222222222222222,0.0,0.0,0.4444444444444444,0.1111111111111111,0.2222222222222222,0.0
Christian Covington,DE,Houston Texans,166,0.0,0.0,0.15384615384615385,0.23076923076923078,0.23076923076923078,0.3076923076923077,0.07692307692307693
Carlos Watkins,DE,Houston Texans,260,0.10526315789473684,0.10526315789473684,0.05263157894736842,0.47368421052631576,0.15789473684210525,0.10526315789473684,0.0
Marcus Gilchrist,FS,Houston Texans,532,0.13043478260869565,0.17391304347826086,0.0,0.30434782608695654,0.13043478260869565,0.13043478260869565,0.13043478260869565
Andre Hal,FS,Houston Texans,816,0.05,0.0,0.1,0.3,0.225,0.15,0.175
Jadeveon Clowney,LB,Houston Texans,895,0.16666666666666666,0.07142857142857142,0.07142857142857142,0.35714285714285715,0.14285714285714285,0.11904761904761904,0.07142857142857142
Dylan Cole,LB,Houston Texans,149,0.11764705882352941,0.11764705882352941,0.11764705882352941,0.29411764705882354,0.0,0.17647058823529413,0.17647058823529413
Zach Cunningham,LB,Houston Texans,785,0.13043478260869565,0.13043478260869565,0.043478260869565216,0.30434782608695654,0.13043478260869565,0.17391304347826086,0.08695652173913043
Brian Cushing,LB,Houston Texans,163,0.0,0.16666666666666666,0.0,0.5,0.25,0.08333333333333333,0.0
Jelani Jenkins,LB,Houston Texans,35,0.25,0.25,0.0,0.25,0.25,0.0,0.0
LaTroy Lewis,LB,Houston Texans,41,0.0,0.0,0.0,0.5,0.5,0.0,0.0
Benardrick McKinney,LB,Houston Texans,959,0.07575757575757576,0.07575757575757576,0.18181818181818182,0.30303030303030304,0.21212121212121213,0.09090909090909091,0.06060606060606061
Whitney Mercilus,LB,Houston Texans,145,0.0,0.14285714285714285,0.2857142857142857,0.42857142857142855,0.14285714285714285,0.0,0.0
Gimel President,LB,Houston Texans,33,0.0,0.0,0.0,0.5,0.5,0.0,0.0
Brennan Scarlett,LB,Houston Texans,287,0.2222222222222222,0.2222222222222222,0.1111111111111111,0.16666666666666666,0.0,0.1111111111111111,0.16666666666666666
Brandon Dunn,NT,Houston Texans,280,0.045454545454545456,0.13636363636363635,0.3181818181818182,0.22727272727272727,0.18181818181818182,0.09090909090909091,0.0
D.J. Reader,NT,Houston Texans,526,0.024390243902439025,0.1951219512195122,0.14634146341463414,0.3170731707317073,0.17073170731707318,0.0975609756097561,0.04878048780487805
Vontae Davis,CB,Indianapolis Colts,258,0.4,0.4,0.0,0.0,0.0,0.0,0.2
Pierre Desir,CB,Indianapolis Colts,135,0.3333333333333333,0.16666666666666666,0.0,0.3333333333333333,0.0,0.0,0.16666666666666666
Nate Hairston,CB,Indianapolis Colts,155,0.0,0.0,0.0,0.3333333333333333,0.0,0.3333333333333333,0.3333333333333333
Rashaan Melvin,CB,Indianapolis Colts,383,0.0,0.0,0.1111111111111111,0.4444444444444444,0.0,0.2222222222222222,0.2222222222222222
Kenny Moore,CB,Indianapolis Colts,45,0.0,0.0,0.0,0.0,0.0,0.0,1.0
Quincy Wilson,CB,Indianapolis Colts,386,0.5,0.0,0.125,0.25,0.0,0.0,0.125
Henry Anderson,DE,Indianapolis Colts,331,0.13333333333333333,0.06666666666666667,0.0,0.4666666666666667,0.06666666666666667,0.2,0.06666666666666667
Margus Hunt,DE,Indianapolis Colts,441,0.12,0.08,0.04,0.36,0.04,0.2,0.16
Johnathan Hankins,DT,Indianapolis Colts,656,0.024390243902439025,0.0,0.024390243902439025,0.5365853658536586,0.1951219512195122,0.17073170731707318,0.04878048780487805
Joey Mbu,DT,Indianapolis Colts,45,0.0,0.3333333333333333,0.0,0.3333333333333333,0.0,0.0,0.3333333333333333
Hassan Ridgeway,DT,Indianapolis Colts,115,0.2222222222222222,0.0,0.2222222222222222,0.1111111111111111,0.1111111111111111,0.3333333333333333,0.0
Darius Butler,FS,Indianapolis Colts,214,0.0,0.125,0.125,0.375,0.0,0.0,0.375
Clayton Geathers,FS,Indianapolis Colts,108,0.0,0.14285714285714285,0.0,0.5714285714285714,0.0,0.14285714285714285,0.14285714285714285
Malik Hooker,FS,Indianapolis Colts,216,0.0,0.0,0.0,0.6666666666666666,0.0,0.16666666666666666,0.16666666666666666
Jonathan Bostic,LB,Indianapolis Colts,914,0.13559322033898305,0.0847457627118644,0.05084745762711865,0.3389830508474576,0.06779661016949153,0.15254237288135594,0.1694915254237288
Barkevious Mingo,LB,Indianapolis Colts,440,0.0,0.18518518518518517,0.07407407407407407,0.2222222222222222,0.25925925925925924,0.037037037037037035,0.2222222222222222
Antonio Morrison,LB,Indianapolis Colts,811,0.13157894736842105,0.06578947368421052,0.06578947368421052,0.27631578947368424,0.14473684210526316,0.18421052631578946,0.13157894736842105
Jabaal Sheard,LB,Indianapolis Colts,839,0.075,0.1,0.1,0.35,0.125,0.125,0.125
John Simon,LB,Indianapolis Colts,470,0.03333333333333333,0.16666666666666666,0.03333333333333333,0.5,0.0,0.1,0.16666666666666666
Anthony Walker,LB,Indianapolis Colts,115,0.0,0.0,0.09090909090909091,0.18181818181818182,0.2727272727272727,0.2727272727272727,0.18181818181818182
Grover Stewart,NT,Indianapolis Colts,192,0.09090909090909091,0.09090909090909091,0.09090909090909091,0.45454545454545453,0.045454545454545456,0.18181818181818182,0.045454545454545456
Al Woods,NT,Indianapolis Colts,496,0.05,0.075,0.075,0.475,0.1,0.225,0.0
Matthias Farley,SS,Indianapolis Colts,822,0.0967741935483871,0.11290322580645161,0.08064516129032258,0.3225806451612903,0.14516129032258066,0.08064516129032258,0.16129032258064516
T.J. Green,SS,Indianapolis Colts,366,0.037037037037037035,0.037037037037037035,0.07407407407407407,0.2962962962962963,0.1111111111111111,0.18518518518518517,0.25925925925925924
A.J. Bouye,CB,Jacksonville Jaguars,669,0.4375,0.0625,0.0,0.3125,0.0625,0.0,0.125
Aaron Colvin,CB,Jacksonville Jaguars,382,0.5,0.0,0.0,0.3333333333333333,0.0,0.08333333333333333,0.08333333333333333
Jalen Ramsey,CB,Jacksonville Jaguars,521,0.14285714285714285,0.0,0.0,0.2857142857142857,0.07142857142857142,0.14285714285714285,0.35714285714285715
Calais Campbell,DE,Jacksonville Jaguars,768,0.022222222222222223,0.15555555555555556,0.13333333333333333,0.35555555555555557,0.06666666666666667,0.1111111111111111,0.15555555555555556
Dante Fowler,DE,Jacksonville Jaguars,229,0.1,0.1,0.1,0.5,0.1,0.0,0.1
Yannick Ngakoue,DE,Jacksonville Jaguars,352,0.0,0.1,0.2,0.4,0.2,0.0,0.1
Dawuane Smoot,DE,Jacksonville Jaguars,182,0.06666666666666667,0.06666666666666667,0.2,0.3333333333333333,0.06666666666666667,0.06666666666666667,0.2
Michael Bennett,DT,Jacksonville Jaguars,18,0.0,0.0,0.0,0.0,0.0,0.0,1.0
Marcell Dareus,DT,Jacksonville Jaguars,321,0.16,0.04,0.04,0.44,0.08,0.12,0.12
Malik Jackson,DT,Jacksonville Jaguars,622,0.07407407407407407,0.07407407407407407,0.07407407407407407,0.48148148148148145,0.0,0.18518518518518517,0.1111111111111111
Tashaun Gipson,FS,Jacksonville Jaguars,895,0.1111111111111111,0.05555555555555555,0.1388888888888889,0.2777777777777778,0.1111111111111111,0.2222222222222222,0.08333333333333333
Myles Jack,LB,Jacksonville Jaguars,1013,0.1568627450980392,0.0784313725490196,0.058823529411764705,0.45098039215686275,0.0392156862745098,0.0784313725490196,0.13725490196078433
Paul Posluszny,LB,Jacksonville Jaguars,399,0.08108108108108109,0.10810810810810811,0.16216216216216217,0.35135135135135137,0.10810810810810811,0.02702702702702703,0.16216216216216217
Telvin Smith,LB,Jacksonville Jaguars,846,0.0967741935483871,0.12903225806451613,0.12903225806451613,0.45161290322580644,0.08064516129032258,0.06451612903225806,0.04838709677419355
Eli Ankou,NT,Jacksonville Jaguars,165,0.08333333333333333,0.0,0.16666666666666666,0.6666666666666666,0.0,0.08333333333333333,0.0
Abry Jones,NT,Jacksonville Jaguars,442,0.037037037037037035,0.07407407407407407,0.1111111111111111,0.5185185185185185,0.1111111111111111,0.0,0.14814814814814814
Barry Church,SS,Jacksonville Jaguars,986,0.0625,0.041666666666666664,0.0625,0.6041666666666666,0.10416666666666667,0.041666666666666664,0.08333333333333333
Phillip Gaines,CB,Kansas City Chiefs,257,0.36363636363636365,0.0,0.0,0.5454545454545454,0.0,0.0,0.09090909090909091
Terrance Mitchell,CB,Kansas City Chiefs,472,0.4166666666666667,0.16666666666666666,0.0,0.25,0.0,0.0,0.16666666666666666
Steven Nelson,CB,Kansas City Chiefs,447,0.3,0.2,0.0,0.4,0.0,0.0,0.1
Marcus Peters,CB,Kansas City Chiefs,476,0.0,0.1,0.1,0.1,0.1,0.1,0.5
Keith Reaser,CB,Kansas City Chiefs,50,0.0,0.5,0.0,0.5,0.0,0.0,0.0
Darrelle Revis,CB,Kansas City Chiefs,64,0.6,0.2,0.0,0.2,0.0,0.0,0.0
Leon McQuay,DB,Kansas City Chiefs,46,0.3333333333333333,0.0,0.0,0.0,0.0,0.3333333333333333,0.3333333333333333
Jarvis Jenkins,DE,Kansas City Chiefs,125,0.0,0.0,0.0,0.8571428571428571,0.14285714285714285,0.0,0.0
Chris Jones,DE,Kansas City Chiefs,588,0.09090909090909091,0.3181818181818182,0.045454545454545456,0.4090909090909091,0.13636363636363635,0.0,0.0
Rakeem Nunez-Roches,DE,Kansas City Chiefs,300,0.047619047619047616,0.23809523809523808,0.14285714285714285,0.23809523809523808,0.09523809523809523,0.19047619047619047,0.047619047619047616
Roy Miller,DT,Kansas City Chiefs,53,0.16666666666666666,0.16666666666666666,0.0,0.3333333333333333,0.16666666666666666,0.16666666666666666,0.0
Eric Murray,FS,Kansas City Chiefs,254,0.25,0.0,0.0,0.5,0.125,0.0,0.125
Ron Parker,FS,Kansas City Chiefs,1032,0.08108108108108109,0.08108108108108109,0.10810810810810811,0.4864864864864865,0.05405405405405406,0.10810810810810811,0.08108108108108109
Steven Terrell,FS,Kansas City Chiefs,33,0.0,1.0,0.0,0.0,0.0,0.0,0.0
Ukeme Eligwe,LB,Kansas City Chiefs,65,0.0,0.0,0.0,1.0,0.0,0.0,0.0
Dee Ford,LB,Kansas City Chiefs,236,0.14285714285714285,0.2857142857142857,0.0,0.2857142857142857,0.0,0.14285714285714285,0.14285714285714285
Tamba Hali,LB,Kansas City Chiefs,23,0.0,1.0,0.0,0.0,0.0,0.0,0.0
Justin Houston,LB,Kansas City Chiefs,870,0.05128205128205128,0.05128205128205128,0.1282051282051282,0.23076923076923078,0.1282051282051282,0.1794871794871795,0.23076923076923078
Derrick Johnson,LB,Kansas City Chiefs,804,0.045454545454545456,0.1590909090909091,0.11363636363636363,0.4090909090909091,0.09090909090909091,0.13636363636363635,0.045454545454545456
Kevin Pierre-Louis,LB,Kansas City Chiefs,212,0.11538461538461539,0.15384615384615385,0.07692307692307693,0.46153846153846156,0.07692307692307693,0.11538461538461539,0.0
Reggie Ragland,LB,Kansas City Chiefs,303,0.02857142857142857,0.05714285714285714,0.11428571428571428,0.4857142857142857,0.05714285714285714,0.2,0.05714285714285714
Terrance Smith,LB,Kansas City Chiefs,62,0.0,0.25,0.5,0.0,0.25,0.0,0.0
Ramik Wilson,LB,Kansas City Chiefs,100,0.0,0.0,0.0,0.5,0.0,0.2,0.3
Frank Zombo,LB,Kansas City Chiefs,536,0.1935483870967742,0.25806451612903225,0.12903225806451613,0.2903225806451613,0.06451612903225806,0.03225806451612903,0.03225806451612903
Bennie Logan,NT,Kansas City Chiefs,563,0.043478260869565216,0.10869565217391304,0.17391304347826086,0.43478260869565216,0.06521739130434782,0.13043478260869565,0.043478260869565216
Eric Berry,SS,Kansas City Chiefs,70,0.0,0.0,0.3333333333333333,0.3333333333333333,0.0,0.0,0.3333333333333333
Daniel Sorensen,SS,Kansas City Chiefs,874,0.16666666666666666,0.23809523809523808,0.023809523809523808,0.30952380952380953,0.07142857142857142,0.14285714285714285,0.047619047619047616
Michael Davis,CB,Los Angeles Chargers,27,0.0,0.0,0.0,0.0,0.5,0.0,0.5
Casey Hayward,CB,Los Angeles Chargers,374,0.0,0.0,0.0,0.4,0.0,0.2,0.4
Desmond King,CB,Los Angeles Chargers,564,0.04,0.08,0.04,0.4,0.12,0.2,0.12
Jason Verrett,CB,Los Angeles Chargers,63,0.0,1.0,0.0,0.0,0.0,0.0,0.0
Trevor Williams,CB,Los Angeles Chargers,645,0.22727272727272727,0.18181818181818182,0.045454545454545456,0.22727272727272727,0.045454545454545456,0.09090909090909091,0.18181818181818182
Jeremiah Attaochu,DE,Los Angeles Chargers,38,0.0,0.25,0.0,0.25,0.0,0.0,0.5
Joey Bosa,DE,Los Angeles Chargers,761,0.05357142857142857,0.07142857142857142,0.10714285714285714,0.39285714285714285,0.07142857142857142,0.19642857142857142,0.10714285714285714
Melvin Ingram,DE,Los Angeles Chargers,890,0.1794871794871795,0.05128205128205128,0.05128205128205128,0.46153846153846156,0.02564102564102564,0.15384615384615385,0.07692307692307693
Chris McCain,DE,Los Angeles Chargers,189,0.23076923076923078,0.0,0.0,0.38461538461538464,0.15384615384615385,0.07692307692307693,0.15384615384615385
Corey Liuget,DT,Los Angeles Chargers,253,0.0,0.14285714285714285,0.0,0.8571428571428571,0.0,0.0,0.0
Darius Philon,DT,Los Angeles Chargers,403,0.17391304347826086,0.08695652173913043,0.043478260869565216,0.34782608695652173,0.13043478260869565,0.13043478260869565,0.08695652173913043
Tre Boston,FS,Los Angeles Chargers,1041,0.14285714285714285,0.09523809523809523,0.09523809523809523,0.2857142857142857,0.047619047619047616,0.16666666666666666,0.16666666666666666
Jatavis Brown,LB,Los Angeles Chargers,438,0.10256410256410256,0.05128205128205128,0.10256410256410256,0.5641025641025641,0.02564102564102564,0.10256410256410256,0.05128205128205128
Kyle Emanuel,LB,Los Angeles Chargers,214,0.15,0.15,0.1,0.4,0.1,0.1,0.0
Denzel Perryman,LB,Los Angeles Chargers,250,0.15789473684210525,0.10526315789473684,0.0,0.47368421052631576,0.10526315789473684,0.05263157894736842,0.10526315789473684
Hayes Pullard,LB,Los Angeles Chargers,468,0.0975609756097561,0.07317073170731707,0.12195121951219512,0.3902439024390244,0.024390243902439025,0.24390243902439024,0.04878048780487805
Korey Toomer,LB,Los Angeles Chargers,236,0.14285714285714285,0.02857142857142857,0.0,0.34285714285714286,0.08571428571428572,0.2,0.2
Brandon Mebane,NT,Los Angeles Chargers,384,0.07142857142857142,0.14285714285714285,0.03571428571428571,0.39285714285714285,0.0,0.21428571428571427,0.14285714285714285
Damion Square,NT,Los Angeles Chargers,225,0.0,0.13333333333333333,0.13333333333333333,0.26666666666666666,0.13333333333333333,0.2,0.13333333333333333
Jahleel Addae,SS,Los Angeles Chargers,873,0.16279069767441862,0.09302325581395349,0.046511627906976744,0.4883720930232558,0.023255813953488372,0.06976744186046512,0.11627906976744186
Adrian Phillips,SS,Los Angeles Chargers,413,0.09090909090909091,0.13636363636363635,0.045454545454545456,0.3181818181818182,0.09090909090909091,0.13636363636363635,0.18181818181818182
Trumaine Johnson,CB,Los Angeles Rams,501,0.2857142857142857,0.0,0.0,0.07142857142857142,0.21428571428571427,0.2857142857142857,0.14285714285714285
Kevin Peterson,CB,Los Angeles Rams,70,0.42857142857142855,0.14285714285714285,0.0,0.0,0.2857142857142857,0.0,0.14285714285714285
Nickell Robey-Coleman,CB,Los Angeles Rams,304,0.0,0.14285714285714285,0.14285714285714285,0.14285714285714285,0.0,0.42857142857142855,0.14285714285714285
Kayvon Webster,CB,Los Angeles Rams,312,0.2857142857142857,0.0,0.0,0.5714285714285714,0.0,0.14285714285714285,0.0
Morgan Fox,DE,Los Angeles Rams,189,0.0,0.14285714285714285,0.21428571428571427,0.5714285714285714,0.07142857142857142,0.0,0.0
Ethan Westbrooks,DE,Los Angeles Rams,225,0.05555555555555555,0.2222222222222222,0.2222222222222222,0.3333333333333333,0.05555555555555555,0.1111111111111111,0.0
Michael Brockers,DT,Los Angeles Rams,681,0.021739130434782608,0.13043478260869565,0.17391304347826086,0.4782608695652174,0.08695652173913043,0.08695652173913043,0.021739130434782608
Aaron Donald,DT,Los Angeles Rams,790,0.07142857142857142,0.14285714285714285,0.10714285714285714,0.2857142857142857,0.17857142857142858,0.10714285714285714,0.10714285714285714
Tanzel Smart,DT,Los Angeles Rams,196,0.0,0.0,0.18181818181818182,0.45454545454545453,0.09090909090909091,0.2727272727272727,0.0
Tyrunn Walker,DT,Los Angeles Rams,248,0.05555555555555555,0.16666666666666666,0.05555555555555555,0.4444444444444444,0.1111111111111111,0.1111111111111111,0.05555555555555555
Cody Davis,FS,Los Angeles Rams,257,0.0,0.16666666666666666,0.0,0.75,0.0,0.08333333333333333,0.0
Isaiah Johnson,FS,Los Angeles Rams,26,0.6666666666666666,0.3333333333333333,0.0,0.0,0.0,0.0,0.0
Lamarcus Joyner,FS,Los Angeles Rams,587,0.22727272727272727,0.2727272727272727,0.09090909090909091,0.2727272727272727,0.045454545454545456,0.0,0.09090909090909091
Mark Barron,LB,Los Angeles Rams,822,0.1,0.1,0.08,0.34,0.24,0.06,0.08
Connor Barwin,LB,Los Angeles Rams,534,0.09090909090909091,0.18181818181818182,0.09090909090909091,0.2727272727272727,0.2727272727272727,0.09090909090909091,0.0
Matt Longacre,LB,Los Angeles Rams,268,0.07692307692307693,0.15384615384615385,0.07692307692307693,0.23076923076923078,0.07692307692307693,0.3076923076923077,0.07692307692307693
Alec Ogletree,LB,Los Angeles Rams,900,0.10714285714285714,0.19642857142857142,0.07142857142857142,0.35714285714285715,0.10714285714285714,0.125,0.03571428571428571
Robert Quinn,LB,Los Angeles Rams,422,0.0625,0.0,0.0625,0.5,0.125,0.25,0.0
Carlos Thompson,LB,Los Angeles Rams,51,0.0,0.0,0.0,0.5,0.0,0.0,0.5
Maurice Alexander,SS,Los Angeles Rams,226,0.0,0.0,0.2727272727272727,0.5454545454545454,0.09090909090909091,0.09090909090909091,0.0
John Johnson,SS,Los Angeles Rams,703,0.0,0.15,0.1,0.425,0.1,0.1,0.125
Xavien Howard,CB,Miami Dolphins,630,0.42857142857142855,0.14285714285714285,0.21428571428571427,0.21428571428571427,0.0,0.0,0.0
Bobby McCain,CB,Miami Dolphins,217,0.0,0.16666666666666666,0.16666666666666666,0.3333333333333333,0.0,0.3333333333333333,0.0
Cordrea Tankersley,CB,Miami Dolphins,259,0.1111111111111111,0.0,0.0,0.1111111111111111,0.3333333333333333,0.3333333333333333,0.1111111111111111
Andre Branch,DE,Miami Dolphins,387,0.0625,0.25,0.125,0.3125,0.0625,0.125,0.0625
Terrence Fede,DE,Miami Dolphins,94,0.0,0.1,0.1,0.5,0.3,0.0,0.0
Charles Harris,DE,Miami Dolphins,352,0.06666666666666667,0.13333333333333333,0.3333333333333333,0.2,0.13333333333333333,0.13333333333333333,0.0
William Hayes,DE,Miami Dolphins,272,0.11764705882352941,0.058823529411764705,0.11764705882352941,0.35294117647058826,0.058823529411764705,0.23529411764705882,0.058823529411764705
Cameron Malveaux,DE,Miami Dolphins,75,0.25,0.0,0.0,0.25,0.5,0.0,0.0
Cameron Wake,DE,Miami Dolphins,460,0.1111111111111111,0.05555555555555555,0.16666666666666666,0.2222222222222222,0.2777777777777778,0.1111111111111111,0.05555555555555555
Davon Godchaux,DT,Miami Dolphins,500,0.10526315789473684,0.05263157894736842,0.18421052631578946,0.42105263157894735,0.13157894736842105,0.10526315789473684,0.0
Jordan Phillips,DT,Miami Dolphins,159,0.0,0.2,0.1,0.5,0.1,0.1,0.0
Ndamukong Suh,DT,Miami Dolphins,777,0.02564102564102564,0.05128205128205128,0.1282051282051282,0.5384615384615384,0.10256410256410256,0.15384615384615385,0.0
Gabe Wright,DT,Miami Dolphins,23,0.0,0.0,1.0,0.0,0.0,0.0,0.0
Nate Allen,FS,Miami Dolphins,289,0.125,0.25,0.375,0.125,0.125,0.0,0.0
Kiko Alonso,LB,Miami Dolphins,1008,0.0851063829787234,0.19148936170212766,0.1276595744680851,0.3191489361702128,0.14893617021276595,0.0851063829787234,0.0425531914893617
Stephone Anthony,LB,Miami Dolphins,61,0.75,0.25,0.0,0.0,0.0,0.0,0.0
Rey Maualuga,LB,Miami Dolphins,161,0.1875,0.25,0.125,0.3125,0.125,0.0,0.0
Lawrence Timmons,LB,Miami Dolphins,734,0.0851063829787234,0.0851063829787234,0.1276595744680851,0.1702127659574468,0.2978723404255319,0.1702127659574468,0.06382978723404255
Reshad Jones,SS,Miami Dolphins,1016,0.14925373134328357,0.08955223880597014,0.08955223880597014,0.26865671641791045,0.208955223880597,0.1044776119402985,0.08955223880597014
T.J. McDonald,SS,Miami Dolphins,539,0.08333333333333333,0.125,0.16666666666666666,0.25,0.20833333333333334,0.125,0.041666666666666664
Michael Thomas,SS,Miami Dolphins,143,0.18181818181818182,0.18181818181818182,0.0,0.2727272727272727,0.18181818181818182,0.09090909090909091,0.09090909090909091
Terence Newman,CB,Minnesota Vikings,252,0.16666666666666666,0.16666666666666666,0.08333333333333333,0.08333333333333333,0.08333333333333333,0.16666666666666666,0.25
Xavier Rhodes,CB,Minnesota Vikings,365,0.5714285714285714,0.14285714285714285,0.0,0.14285714285714285,0.14285714285714285,0.0,0.0
Trae Waynes,CB,Minnesota Vikings,612,0.19047619047619047,0.047619047619047616,0.0,0.23809523809523808,0.047619047619047616,0.047619047619047616,0.42857142857142855
Everson Griffen,DE,Minnesota Vikings,590,0.25,0.10714285714285714,0.21428571428571427,0.25,0.10714285714285714,0.07142857142857142,0.0
Danielle Hunter,DE,Minnesota Vikings,724,0.03125,0.21875,0.03125,0.25,0.09375,0.09375,0.28125
Brian Robison,DE,Minnesota Vikings,353,0.07692307692307693,0.07692307692307693,0.0,0.38461538461538464,0.3076923076923077,0.07692307692307693,0.07692307692307693
Tom Johnson,DT,Minnesota Vikings,592,0.14814814814814814,0.07407407407407407,0.14814814814814814,0.2222222222222222,0.18518518518518517,0.07407407407407407,0.14814814814814814
Anthony Harris,FS,Minnesota Vikings,182,0.4,0.0,0.0,0.0,0.2,0.2,0.2
Harrison Smith,FS,Minnesota Vikings,813,0.11428571428571428,0.05714285714285714,0.14285714285714285,0.3142857142857143,0.11428571428571428,0.08571428571428572,0.17142857142857143
Anthony Barr,LB,Minnesota Vikings,846,0.22580645161290322,0.06451612903225806,0.16129032258064516,0.1935483870967742,0.12903225806451613,0.0967741935483871,0.12903225806451613
Ben Gedeon,LB,Minnesota Vikings,182,0.1,0.0,0.15,0.25,0.3,0.05,0.15
Eric Kendricks,LB,Minnesota Vikings,911,0.15,0.03333333333333333,0.16666666666666666,0.2833333333333333,0.16666666666666666,0.13333333333333333,0.06666666666666667
Emmanuel Lamur,LB,Minnesota Vikings,52,0.0,0.14285714285714285,0.14285714285714285,0.5714285714285714,0.0,0.0,0.14285714285714285
Linval Joseph,NT,Minnesota Vikings,663,0.2413793103448276,0.08620689655172414,0.13793103448275862,0.15517241379310345,0.22413793103448276,0.10344827586206896,0.05172413793103448
Shamar Stephen,NT,Minnesota Vikings,290,0.04,0.04,0.16,0.36,0.16,0.2,0.04
Andrew Sendejo,SS,Minnesota Vikings,724,0.16216216216216217,0.13513513513513514,0.08108108108108109,0.21621621621621623,0.16216216216216217,0.10810810810810811,0.13513513513513514
Johnson Bademosi,CB,New England Patriots,184,0.25,0.0,0.0,0.0,0.25,0.0,0.5
Malcolm Butler,CB,New England Patriots,516,0.13333333333333333,0.0,0.06666666666666667,0.06666666666666667,0.06666666666666667,0.2,0.4666666666666667
Stephon Gilmore,CB,New England Patriots,483,0.36363636363636365,0.18181818181818182,0.09090909090909091,0.09090909090909091,0.09090909090909091,0.09090909090909091,0.09090909090909091
Jonathan Jones,CB,New England Patriots,192,0.125,0.125,0.0,0.25,0.0,0.0,0.5
Eric Rowe,CB,New England Patriots,102,0.3333333333333333,0.0,0.0,0.3333333333333333,0.0,0.0,0.3333333333333333
Trey Flowers,DE,New England Patriots,746,0.11627906976744186,0.16279069767441862,0.18604651162790697,0.23255813953488372,0.11627906976744186,0.13953488372093023,0.046511627906976744
Lawrence Guy,DE,New England Patriots,582,0.041666666666666664,0.16666666666666666,0.0625,0.2916666666666667,0.10416666666666667,0.22916666666666666,0.10416666666666667
Eric Lee,DE,New England Patriots,281,0.0,0.2727272727272727,0.0,0.2727272727272727,0.0,0.36363636363636365,0.09090909090909091
Cassius Marsh,DE,New England Patriots,367,0.1,0.1,0.05,0.2,0.25,0.15,0.15
Deatrich Wise Jr.,DE,New England Patriots,424,0.0,0.14285714285714285,0.21428571428571427,0.42857142857142855,0.14285714285714285,0.07142857142857142,0.0
Alan Branch,DT,New England Patriots,164,0.0,0.25,0.16666666666666666,0.16666666666666666,0.08333333333333333,0.3333333333333333,0.0
Malcom Brown,DT,New England Patriots,537,0.0,0.09523809523809523,0.11904761904761904,0.4523809523809524,0.11904761904761904,0.16666666666666666,0.047619047619047616
Adam Butler,DT,New England Patriots,245,0.13333333333333333,0.06666666666666667,0.0,0.5333333333333333,0.06666666666666667,0.2,0.0
Ricky Jean-Francois,DT,New England Patriots,114,0.0,0.18181818181818182,0.18181818181818182,0.2727272727272727,0.09090909090909091,0.2727272727272727,0.0
Duron Harmon,FS,New England Patriots,252,0.0,0.2,0.2,0.4,0.0,0.0,0.2
Devin McCourty,FS,New England Patriots,955,0.21428571428571427,0.07142857142857142,0.023809523809523808,0.19047619047619047,0.14285714285714285,0.09523809523809523,0.2619047619047619
Marquis Flowers,LB,New England Patriots,174,0.26666666666666666,0.13333333333333333,0.06666666666666667,0.06666666666666667,0.2,0.13333333333333333,0.13333333333333333
Jonathan Freeny,LB,New England Patriots,45,0.0,0.0,0.5,0.0,0.0,0.0,0.5
David Harris,LB,New England Patriots,155,0.0625,0.0,0.3125,0.375,0.0625,0.125,0.0625
James Harrison,LB,New England Patriots,27,1.0,0.0,0.0,0.0,0.0,0.0,0.0
Dont'a Hightower,LB,New England Patriots,237,0.16666666666666666,0.0,0.16666666666666666,0.16666666666666666,0.16666666666666666,0.3333333333333333,0.0
Elandon Roberts,LB,New England Patriots,526,0.11627906976744186,0.09302325581395349,0.09302325581395349,0.3023255813953488,0.13953488372093023,0.16279069767441862,0.09302325581395349
Patrick Chung,SS,New England Patriots,768,0.07692307692307693,0.038461538461538464,0.038461538461538464,0.5,0.15384615384615385,0.038461538461538464,0.15384615384615385
Ken Crawley,CB,New Orleans Saints,446,0.4166666666666667,0.08333333333333333,0.08333333333333333,0.08333333333333333,0.08333333333333333,0.16666666666666666,0.08333333333333333
De'Vante Harris,CB,New Orleans Saints,88,0.0,0.5,0.0,0.5,0.0,0.0,0.0
Marshon Lattimore,CB,New Orleans Saints,546,0.4,0.13333333333333333,0.13333333333333333,0.13333333333333333,0.2,0.0,0.0
P.J. Williams,CB,New Orleans Saints,364,0.2222222222222222,0.0,0.16666666666666666,0.16666666666666666,0.05555555555555555,0.1111111111111111,0.2777777777777778
Trey Hendrickson,DE,New Orleans Saints,206,0.25,0.0,0.25,0.08333333333333333,0.25,0.08333333333333333,0.08333333333333333
George Johnson,DE,New Orleans Saints,116,0.0,0.0,0.25,0.5,0.0,0.25,0.0
Cameron Jordan,DE,New Orleans Saints,956,0.14634146341463414,0.14634146341463414,0.17073170731707318,0.1951219512195122,0.04878048780487805,0.1951219512195122,0.0975609756097561
Hau'oli Kikaha,DE,New Orleans Saints,63,0.0,0.3333333333333333,0.16666666666666666,0.16666666666666666,0.0,0.3333333333333333,0.0
Al-Quadin Muhammad,DE,New Orleans Saints,17,0.0,0.0,0.0,0.0,1.0,0.0,0.0
Alex Okafor,DE,New Orleans Saints,486,0.22580645161290322,0.0967741935483871,0.12903225806451613,0.1935483870967742,0.12903225806451613,0.16129032258064516,0.06451612903225806
Tyeler Davison,DT,New Orleans Saints,514,0.06896551724137931,0.1724137931034483,0.2413793103448276,0.13793103448275862,0.3448275862068966,0.0,0.034482758620689655
John Hughes,DT,New Orleans Saints,114,0.2222222222222222,0.1111111111111111,0.0,0.2222222222222222,0.0,0.1111111111111111,0.3333333333333333
David Onyemata,DT,New Orleans Saints,507,0.18181818181818182,0.15151515151515152,0.09090909090909091,0.09090909090909091,0.18181818181818182,0.18181818181818182,0.12121212121212122
Sheldon Rankins,DT,New Orleans Saints,637,0.17391304347826086,0.13043478260869565,0.30434782608695654,0.08695652173913043,0.17391304347826086,0.08695652173913043,0.043478260869565216
Vonn Bell,FS,New Orleans Saints,703,0.21621621621621623,0.10810810810810811,0.16216216216216217,0.13513513513513514,0.13513513513513514,0.08108108108108109,0.16216216216216217
Marcus Williams,FS,New Orleans Saints,829,0.36,0.04,0.2,0.16,0.04,0.16,0.04
Alex Anzalone,LB,New Orleans Saints,155,0.0,0.0,0.0,0.5,0.0,0.25,0.25
A.J. Klein,LB,New Orleans Saints,572,0.1724137931034483,0.10344827586206896,0.20689655172413793,0.1724137931034483,0.034482758620689655,0.13793103448275862,0.1724137931034483
Michael Mauti,LB,New Orleans Saints,50,0.375,0.125,0.125,0.125,0.0,0.25,0.0
Craig Robertson,LB,New Orleans Saints,727,0.1,0.15,0.25,0.125,0.125,0.15,0.1
Kenny Vaccaro,SS,New Orleans Saints,691,0.15384615384615385,0.11538461538461539,0.19230769230769232,0.23076923076923078,0.15384615384615385,0.07692307692307693,0.07692307692307693
Eli Apple,CB,New York Giants,471,0.4117647058823529,0.058823529411764705,0.0,0.058823529411764705,0.11764705882352941,0.11764705882352941,0.23529411764705882
Ross Cockrell,CB,New York Giants,633,0.2857142857142857,0.09523809523809523,0.0,0.14285714285714285,0.14285714285714285,0.19047619047619047,0.14285714285714285
Donte Deayon,CB,New York Giants,38,0.0,0.5,0.0,0.0,0.5,0.0,0.0
Brandon Dixon,CB,New York Giants,252,0.125,0.125,0.125,0.375,0.125,0.125,0.0
Janoris Jenkins,CB,New York Giants,367,0.14285714285714285,0.0,0.0,0.14285714285714285,0.42857142857142855,0.14285714285714285,0.14285714285714285
Dominique Rodgers-Cromartie,CB,New York Giants,409,0.17391304347826086,0.2608695652173913,0.17391304347826086,0.13043478260869565,0.08695652173913043,0.043478260869565216,0.13043478260869565
Avery Moss,DE,New York Giants,154,0.15384615384615385,0.0,0.15384615384615385,0.3076923076923077,0.15384615384615385,0.07692307692307693,0.15384615384615385
Jason Pierre-Paul,DE,New York Giants,1010,0.057692307692307696,0.17307692307692307,0.038461538461538464,0.19230769230769232,0.15384615384615385,0.1346153846153846,0.25
Olivier Vernon,DE,New York Giants,698,0.2222222222222222,0.3333333333333333,0.07407407407407407,0.2222222222222222,0.0,0.07407407407407407,0.07407407407407407
Jay Bromley,DT,New York Giants,250,0.14285714285714285,0.07142857142857142,0.0,0.21428571428571427,0.21428571428571427,0.21428571428571427,0.14285714285714285
Damon Harrison,DT,New York Giants,644,0.07246376811594203,0.11594202898550725,0.08695652173913043,0.34782608695652173,0.07246376811594203,0.18840579710144928,0.11594202898550725
Dalvin Tomlinson,DT,New York Giants,556,0.125,0.08333333333333333,0.14583333333333334,0.3125,0.10416666666666667,0.22916666666666666,0.0
Andrew Adams,FS,New York Giants,201,0.16666666666666666,0.08333333333333333,0.0,0.5,0.0,0.08333333333333333,0.16666666666666666
Darian Thompson,FS,New York Giants,963,0.3111111111111111,0.13333333333333333,0.1111111111111111,0.08888888888888889,0.08888888888888889,0.06666666666666667,0.2
Jonathan Casillas,LB,New York Giants,456,0.3333333333333333,0.09523809523809523,0.047619047619047616,0.19047619047619047,0.0,0.19047619047619047,0.14285714285714285
B.J. Goodson,LB,New York Giants,374,0.13333333333333333,0.26666666666666666,0.06666666666666667,0.23333333333333334,0.03333333333333333,0.16666666666666666,0.1
Curtis Grant,LB,New York Giants,90,0.1111111111111111,0.2222222222222222,0.0,0.1111111111111111,0.2222222222222222,0.1111111111111111,0.2222222222222222
Devon Kennard,LB,New York Giants,375,0.07142857142857142,0.14285714285714285,0.07142857142857142,0.14285714285714285,0.25,0.10714285714285714,0.21428571428571427
Calvin Munson,LB,New York Giants,371,0.15151515151515152,0.09090909090909091,0.09090909090909091,0.18181818181818182,0.12121212121212122,0.12121212121212122,0.24242424242424243
Keenan Robinson,LB,New York Giants,273,0.125,0.0625,0.125,0.3125,0.0,0.1875,0.1875
Kelvin Sheppard,LB,New York Giants,386,0.14285714285714285,0.14285714285714285,0.07142857142857142,0.14285714285714285,0.14285714285714285,0.17857142857142858,0.17857142857142858
Landon Collins,SS,New York Giants,820,0.18867924528301888,0.07547169811320754,0.05660377358490566,0.2641509433962264,0.07547169811320754,0.18867924528301888,0.1509433962264151
Juston Burris,CB,New York Jets,154,0.2,0.4,0.0,0.0,0.0,0.0,0.4
Morris Claiborne,CB,New York Jets,426,0.1,0.1,0.1,0.1,0.3,0.1,0.2
Darryl Roberts,CB,New York Jets,289,0.0,0.1111111111111111,0.2222222222222222,0.1111111111111111,0.2222222222222222,0.2222222222222222,0.1111111111111111
Buster Skrine,CB,New York Jets,562,0.0625,0.25,0.125,0.375,0.0625,0.0,0.125
Kony Ealy,DE,New York Jets,254,0.0,0.0,0.16666666666666666,0.4166666666666667,0.16666666666666666,0.16666666666666666,0.08333333333333333
Claude Pelon,DE,New York Jets,17,0.0,0.0,0.0,0.5,0.0,0.5,0.0
Muhammad Wilkerson,DE,New York Jets,645,0.0,0.18421052631578946,0.07894736842105263,0.47368421052631576,0.10526315789473684,0.15789473684210525,0.0
Leonard Williams,DE,New York Jets,779,0.0,0.07317073170731707,0.17073170731707318,0.3170731707317073,0.1951219512195122,0.1951219512195122,0.04878048780487805
Xavier Cooper,DT,New York Jets,241,0.16666666666666666,0.3333333333333333,0.25,0.08333333333333333,0.0,0.0,0.16666666666666666
Marcus Maye,FS,New York Jets,966,0.11904761904761904,0.11904761904761904,0.14285714285714285,0.23809523809523808,0.11904761904761904,0.16666666666666666,0.09523809523809523
David Bass,LB,New York Jets,330,0.05555555555555555,0.05555555555555555,0.16666666666666666,0.5555555555555556,0.1111111111111111,0.05555555555555555,0.0
Demario Davis,LB,New York Jets,1116,0.07228915662650602,0.1566265060240964,0.18072289156626506,0.1927710843373494,0.14457831325301204,0.18072289156626506,0.07228915662650602
Jordan Jenkins,LB,New York Jets,557,0.09090909090909091,0.06060606060606061,0.09090909090909091,0.36363636363636365,0.06060606060606061,0.21212121212121213,0.12121212121212122
Darron Lee,LB,New York Jets,1026,0.16981132075471697,0.05660377358490566,0.11320754716981132,0.18867924528301888,0.1509433962264151,0.2641509433962264,0.05660377358490566
Josh Martin,LB,New York Jets,386,0.23809523809523808,0.19047619047619047,0.047619047619047616,0.3333333333333333,0.047619047619047616,0.14285714285714285,0.0
Julian Stanford,LB,New York Jets,64,0.0,0.0,0.5,0.25,0.0,0.25,0.0
Steve McLendon,NT,New York Jets,451,0.024390243902439025,0.0975609756097561,0.24390243902439024,0.2926829268292683,0.12195121951219512,0.14634146341463414,0.07317073170731707
Jamal Adams,SS,New York Jets,1055,0.16666666666666666,0.125,0.1875,0.20833333333333334,0.125,0.10416666666666667,0.08333333333333333
David Amerson,CB,Oakland Raiders,66,0.0,0.0,0.0,0.0,0.0,0.5,0.5
T.J. Carrie,CB,Oakland Raiders,634,0.19047619047619047,0.14285714285714285,0.14285714285714285,0.2857142857142857,0.047619047619047616,0.14285714285714285,0.047619047619047616
Antonio Hamilton,CB,Oakland Raiders,44,0.0,0.25,0.0,0.25,0.0,0.25,0.25
Sean Smith,CB,Oakland Raiders,336,0.16666666666666666,0.16666666666666666,0.16666666666666666,0.3333333333333333,0.16666666666666666,0.0,0.0
Denico Autry,DE,Oakland Raiders,407,0.1,0.2,0.2,0.35,0.0,0.1,0.05
Mario Edwards,DE,Oakland Raiders,379,0.0,0.19047619047619047,0.23809523809523808,0.42857142857142855,0.14285714285714285,0.0,0.0
Khalil Mack,DE,Oakland Raiders,930,0.03333333333333333,0.1,0.15,0.48333333333333334,0.15,0.05,0.03333333333333333
Jihad Ward,DE,Oakland Raiders,31,0.0,0.0,0.0,0.0,0.0,1.0,0.0
Treyvon Hester,DT,Oakland Raiders,249,0.05555555555555555,0.0,0.16666666666666666,0.6666666666666666,0.05555555555555555,0.05555555555555555,0.0
Eddie Vanderdoes,DT,Oakland Raiders,341,0.058823529411764705,0.0,0.17647058823529413,0.5882352941176471,0.11764705882352941,0.058823529411764705,0.0
Reggie Nelson,FS,Oakland Raiders,1026,0.18,0.02,0.18,0.48,0.04,0.06,0.04
Tyrell Adams,LB,Oakland Raiders,98,0.125,0.125,0.375,0.25,0.0,0.125,0.0
NaVorro Bowman,LB,Oakland Raiders,946,0.05128205128205128,0.10256410256410256,0.10256410256410256,0.46153846153846156,0.16666666666666666,0.0641025641025641,0.05128205128205128
Bruce Irvin,LB,Oakland Raiders,706,0.2,0.06666666666666667,0.3333333333333333,0.13333333333333333,0.06666666666666667,0.03333333333333333,0.16666666666666666
Cory James,LB,Oakland Raiders,356,0.06896551724137931,0.1724137931034483,0.13793103448275862,0.20689655172413793,0.20689655172413793,0.13793103448275862,0.06896551724137931
Marquel Lee,LB,Oakland Raiders,152,0.058823529411764705,0.11764705882352941,0.17647058823529413,0.35294117647058826,0.058823529411764705,0.17647058823529413,0.058823529411764705
Nicholas Morrow,LB,Oakland Raiders,514,0.029411764705882353,0.14705882352941177,0.11764705882352941,0.47058823529411764,0.029411764705882353,0.058823529411764705,0.14705882352941177
Justin Ellis,NT,Oakland Raiders,432,0.0,0.021739130434782608,0.06521739130434782,0.6521739130434783,0.15217391304347827,0.043478260869565216,0.06521739130434782
Karl Joseph,SS,Oakland Raiders,824,0.0975609756097561,0.07317073170731707,0.07317073170731707,0.43902439024390244,0.0975609756097561,0.14634146341463414,0.07317073170731707
Ronald Darby,CB,Philadelphia Eagles,210,0.4,0.3,0.1,0.2,0.0,0.0,0.0
Rasul Douglas,CB,Philadelphia Eagles,163,0.0,0.6666666666666666,0.0,0.3333333333333333,0.0,0.0,0.0
Jalen Mills,CB,Philadelphia Eagles,453,0.07692307692307693,0.0,0.0,0.15384615384615385,0.15384615384615385,0.23076923076923078,0.38461538461538464
Patrick Robinson,CB,Philadelphia Eagles,272,0.2,0.0,0.1,0.1,0.0,0.2,0.4
Derek Barnett,DE,Philadelphia Eagles,302,0.21428571428571427,0.07142857142857142,0.14285714285714285,0.21428571428571427,0.14285714285714285,0.21428571428571427,0.0
Vinny Curry,DE,Philadelphia Eagles,546,0.1388888888888889,0.19444444444444445,0.16666666666666666,0.3333333333333333,0.05555555555555555,0.05555555555555555,0.05555555555555555
Brandon Graham,DE,Philadelphia Eagles,583,0.09090909090909091,0.12121212121212122,0.12121212121212122,0.3333333333333333,0.0,0.06060606060606061,0.2727272727272727
Chris Long,DE,Philadelphia Eagles,327,0.1,0.15,0.15,0.35,0.05,0.0,0.2
Steven Means,DE,Philadelphia Eagles,39,0.0,0.0,0.0,0.0,1.0,0.0,0.0
Beau Allen,DT,Philadelphia Eagles,269,0.21052631578947367,0.05263157894736842,0.15789473684210525,0.3157894736842105,0.0,0.10526315789473684,0.15789473684210525
Fletcher Cox,DT,Philadelphia Eagles,431,0.058823529411764705,0.058823529411764705,0.17647058823529413,0.17647058823529413,0.29411764705882354,0.058823529411764705,0.17647058823529413
Timmy Jernigan,DT,Philadelphia Eagles,435,0.0,0.13043478260869565,0.043478260869565216,0.6521739130434783,0.043478260869565216,0.0,0.13043478260869565
Elijah Qualls,DT,Philadelphia Eagles,36,0.3333333333333333,0.0,0.0,0.3333333333333333,0.0,0.0,0.3333333333333333
Destiny Vaeao,DT,Philadelphia Eagles,172,0.0,0.0,0.0,0.3333333333333333,0.1111111111111111,0.3333333333333333,0.2222222222222222
Corey Graham,FS,Philadelphia Eagles,255,0.18181818181818182,0.18181818181818182,0.0,0.36363636363636365,0.0,0.09090909090909091,0.18181818181818182
Rodney McLeod,FS,Philadelphia Eagles,605,0.13043478260869565,0.08695652173913043,0.21739130434782608,0.2608695652173913,0.0,0.043478260869565216,0.2608695652173913
Nigel Bradham,LB,Philadelphia Eagles,867,0.1590909090909091,0.11363636363636363,0.045454545454545456,0.29545454545454547,0.13636363636363635,0.06818181818181818,0.18181818181818182
Dannell Ellerbe,LB,Philadelphia Eagles,75,0.2857142857142857,0.0,0.0,0.5714285714285714,0.0,0.0,0.14285714285714285
Nathan Gerry,LB,Philadelphia Eagles,20,0.0,0.0,0.0,0.0,0.0,0.0,1.0
Najee Goode,LB,Philadelphia Eagles,151,0.2222222222222222,0.1111111111111111,0.0,0.4444444444444444,0.2222222222222222,0.0,0.0
Kamu Grugier-Hill,LB,Philadelphia Eagles,53,0.3333333333333333,0.0,0.0,0.3333333333333333,0.0,0.0,0.3333333333333333
Jordan Hicks,LB,Philadelphia Eagles,199,0.0,0.14285714285714285,0.2857142857142857,0.2857142857142857,0.14285714285714285,0.0,0.14285714285714285
Mychal Kendricks,LB,Philadelphia Eagles,494,0.10526315789473684,0.10526315789473684,0.18421052631578946,0.18421052631578946,0.15789473684210525,0.10526315789473684,0.15789473684210525
Malcolm Jenkins,SS,Philadelphia Eagles,707,0.14814814814814814,0.0,0.07407407407407407,0.37037037037037035,0.0,0.18518518518518517,0.2222222222222222
Chris Maragos,SS,Philadelphia Eagles,70,0.0,0.0,0.0,1.0,0.0,0.0,0.0
Jaylen Watkins,SS,Philadelphia Eagles,92,0.6,0.0,0.0,0.2,0.0,0.0,0.2
Artie Burns,CB,Pittsburgh Steelers,427,0.3333333333333333,0.16666666666666666,0.16666666666666666,0.16666666666666666,0.08333333333333333,0.0,0.08333333333333333
Joe Haden,CB,Pittsburgh Steelers,188,0.25,0.0,0.0,0.0,0.5,0.25,0.0
Mike Hilton,CB,Pittsburgh Steelers,436,0.0,0.05,0.2,0.45,0.15,0.1,0.05
Coty Sensabaugh,CB,Pittsburgh Steelers,139,0.0,0.0,0.0,0.16666666666666666,0.16666666666666666,0.6666666666666666,0.0
Cameron Sutton,DB,Pittsburgh Steelers,57,0.0,0.0,0.0,0.0,0.0,1.0,0.0
Cameron Heyward,DE,Pittsburgh Steelers,674,0.03571428571428571,0.17857142857142858,0.17857142857142858,0.32142857142857145,0.10714285714285714,0.14285714285714285,0.03571428571428571
Stephon Tuitt,DE,Pittsburgh Steelers,469,0.0,0.0625,0.0625,0.375,0.125,0.3125,0.0625
Mike Mitchell,FS,Pittsburgh Steelers,457,0.1111111111111111,0.1111111111111111,0.1111111111111111,0.2962962962962963,0.07407407407407407,0.14814814814814814,0.14814814814814814
Bud Dupree,LB,Pittsburgh Steelers,641,0.038461538461538464,0.19230769230769232,0.07692307692307693,0.3076923076923077,0.15384615384615385,0.07692307692307693,0.15384615384615385
L.J. Fort,LB,Pittsburgh Steelers,17,0.0,0.0,0.0,0.0,1.0,0.0,0.0
Tyler Matakevich,LB,Pittsburgh Steelers,41,0.0,0.0,0.0,0.0,0.6666666666666666,0.3333333333333333,0.0
Arthur Moats,LB,Pittsburgh Steelers,37,0.0,0.0,0.0,1.0,0.0,0.0,0.0
Ryan Shazier,LB,Pittsburgh Steelers,671,0.020833333333333332,0.14583333333333334,0.25,0.2916666666666667,0.0625,0.125,0.10416666666666667
Sean Spence,LB,Pittsburgh Steelers,164,0.0,0.07692307692307693,0.23076923076923078,0.3076923076923077,0.23076923076923078,0.15384615384615385,0.0
T.J. Watt,LB,Pittsburgh Steelers,711,0.05714285714285714,0.11428571428571428,0.2571428571428571,0.2857142857142857,0.2,0.08571428571428572,0.0
Vince Williams,LB,Pittsburgh Steelers,708,0.03508771929824561,0.12280701754385964,0.12280701754385964,0.3333333333333333,0.15789473684210525,0.12280701754385964,0.10526315789473684
Javon Hargrave,NT,Pittsburgh Steelers,361,0.0,0.1111111111111111,0.0,0.5555555555555556,0.18518518518518517,0.1111111111111111,0.037037037037037035
Sean Davis,SS,Pittsburgh Steelers,948,0.02127659574468085,0.0851063829787234,0.1276595744680851,0.3829787234042553,0.1702127659574468,0.14893617021276595,0.06382978723404255
Robert Golden,SS,Pittsburgh Steelers,75,0.4,0.0,0.2,0.4,0.0,0.0,0.0
Dontae Johnson,CB,San Francisco 49ers,765,0.2608695652173913,0.13043478260869565,0.17391304347826086,0.21739130434782608,0.043478260869565216,0.17391304347826086,0.0
Rashard Robinson,CB,San Francisco 49ers,274,0.4444444444444444,0.2222222222222222,0.0,0.0,0.1111111111111111,0.0,0.2222222222222222
K'Waun Williams,CB,San Francisco 49ers,454,0.07692307692307693,0.0,0.07692307692307693,0.23076923076923078,0.07692307692307693,0.3076923076923077,0.23076923076923078
Ahkello Witherspoon,CB,San Francisco 49ers,336,0.0,0.0,0.0,0.375,0.25,0.0,0.375
Arik Armstead,DE,San Francisco 49ers,247,0.3076923076923077,0.23076923076923078,0.0,0.23076923076923078,0.0,0.15384615384615385,0.07692307692307693
Tank Carradine,DE,San Francisco 49ers,187,0.0,0.4,0.06666666666666667,0.26666666666666666,0.06666666666666667,0.06666666666666667,0.13333333333333333
Leger Douzable,DE,San Francisco 49ers,198,0.11764705882352941,0.058823529411764705,0.17647058823529413,0.35294117647058826,0.11764705882352941,0.11764705882352941,0.058823529411764705
Elvis Dumervil,DE,San Francisco 49ers,102,0.0,0.0,0.0,0.5,0.25,0.25,0.0
Aaron Lynch,DE,San Francisco 49ers,93,0.14285714285714285,0.14285714285714285,0.0,0.2857142857142857,0.2857142857142857,0.0,0.14285714285714285
Solomon Thomas,DE,San Francisco 49ers,696,0.16129032258064516,0.1935483870967742,0.03225806451612903,0.3870967741935484,0.03225806451612903,0.12903225806451613,0.06451612903225806
Ronald Blair,DT,San Francisco 49ers,80,0.0,0.1111111111111111,0.2222222222222222,0.4444444444444444,0.2222222222222222,0.0,0.0
DeForest Buckner,DT,San Francisco 49ers,837,0.03773584905660377,0.16981132075471697,0.11320754716981132,0.3584905660377358,0.1320754716981132,0.09433962264150944,0.09433962264150944
Sheldon Day,DT,San Francisco 49ers,222,0.0,0.17647058823529413,0.11764705882352941,0.35294117647058826,0.17647058823529413,0.17647058823529413,0.0
Tony McDaniel,DT,San Francisco 49ers,79,0.125,0.0,0.125,0.5,0.125,0.125,0.0
Earl Mitchell,DT,San Francisco 49ers,528,0.06896551724137931,0.0,0.06896551724137931,0.6206896551724138,0.1724137931034483,0.0,0.06896551724137931
Adrian Colbert,FS,San Francisco 49ers,443,0.21428571428571427,0.21428571428571427,0.07142857142857142,0.2857142857142857,0.14285714285714285,0.0,0.07142857142857142
Antone Exum,FS,San Francisco 49ers,41,0.0,0.0,0.0,1.0,0.0,0.0,0.0
Lorenzo Jerome,FS,San Francisco 49ers,20,0.0,0.0,0.0,0.0,0.0,0.0,1.0
Jimmie Ward,FS,San Francisco 49ers,429,0.3333333333333333,0.13333333333333333,0.0,0.13333333333333333,0.06666666666666667,0.13333333333333333,0.2
Ray-Ray Armstrong,LB,San Francisco 49ers,475,0.075,0.025,0.15,0.45,0.1,0.125,0.075
Brock Coyle,LB,San Francisco 49ers,615,0.15789473684210525,0.07894736842105263,0.07894736842105263,0.4473684210526316,0.07894736842105263,0.05263157894736842,0.10526315789473684
Reuben Foster,LB,San Francisco 49ers,553,0.125,0.0625,0.041666666666666664,0.5,0.14583333333333334,0.041666666666666664,0.08333333333333333
Eric Reid,SS,San Francisco 49ers,726,0.22580645161290322,0.03225806451612903,0.1935483870967742,0.22580645161290322,0.12903225806451613,0.0,0.1935483870967742
Jaquiski Tartt,SS,San Francisco 49ers,595,0.25,0.0,0.0,0.35714285714285715,0.17857142857142858,0.10714285714285714,0.10714285714285714
Justin Coleman,CB,Seattle Seahawks,257,0.5,0.0,0.125,0.125,0.125,0.125,0.0
Shaquill Griffin,CB,Seattle Seahawks,544,0.38461538461538464,0.15384615384615385,0.23076923076923078,0.15384615384615385,0.0,0.0,0.07692307692307693
Jeremy Lane,CB,Seattle Seahawks,272,0.1111111111111111,0.2222222222222222,0.0,0.2222222222222222,0.0,0.2222222222222222,0.2222222222222222
Byron Maxwell,CB,Seattle Seahawks,323,0.0,0.07142857142857142,0.0,0.14285714285714285,0.07142857142857142,0.42857142857142855,0.2857142857142857
Richard Sherman,CB,Seattle Seahawks,572,0.0,0.06666666666666667,0.0,0.2,0.13333333333333333,0.3333333333333333,0.26666666666666666
Cliff Avril,DE,Seattle Seahawks,53,0.0,0.0,0.0,1.0,0.0,0.0,0.0
Michael Bennett,DE,Seattle Seahawks,879,0.03333333333333333,0.06666666666666667,0.16666666666666666,0.5333333333333333,0.0,0.16666666666666666,0.03333333333333333
Frank Clark,DE,Seattle Seahawks,491,0.05263157894736842,0.21052631578947367,0.10526315789473684,0.2631578947368421,0.21052631578947367,0.15789473684210525,0.0
Branden Jackson,DE,Seattle Seahawks,145,0.0,0.25,0.125,0.375,0.125,0.0,0.125
Dion Jordan,DE,Seattle Seahawks,102,0.07692307692307693,0.38461538461538464,0.0,0.23076923076923078,0.07692307692307693,0.07692307692307693,0.15384615384615385
Quinton Jefferson,DT,Seattle Seahawks,102,0.14285714285714285,0.0,0.14285714285714285,0.42857142857142855,0.14285714285714285,0.0,0.14285714285714285
Nazair Jones,DT,Seattle Seahawks,232,0.13333333333333333,0.13333333333333333,0.06666666666666667,0.4666666666666667,0.0,0.2,0.0
Jarran Reed,DT,Seattle Seahawks,557,0.02564102564102564,0.20512820512820512,0.1282051282051282,0.2564102564102564,0.10256410256410256,0.20512820512820512,0.07692307692307693
Sheldon Richardson,DT,Seattle Seahawks,609,0.10526315789473684,0.21052631578947367,0.13157894736842105,0.2631578947368421,0.05263157894736842,0.10526315789473684,0.13157894736842105
Bradley McDougald,FS,Seattle Seahawks,567,0.05714285714285714,0.14285714285714285,0.02857142857142857,0.42857142857142855,0.08571428571428572,0.14285714285714285,0.11428571428571428
Earl Thomas,FS,Seattle Seahawks,921,0.2608695652173913,0.15217391304347827,0.021739130434782608,0.21739130434782608,0.06521739130434782,0.1956521739130435,0.08695652173913043
D.J. Alexander,LB,Seattle Seahawks,19,0.0,0.0,0.0,0.0,0.5,0.0,0.5
Terence Garvin,LB,Seattle Seahawks,140,0.16666666666666666,0.25,0.08333333333333333,0.25,0.08333333333333333,0.08333333333333333,0.08333333333333333
Bobby Wagner,LB,Seattle Seahawks,1022,0.10256410256410256,0.1794871794871795,0.07692307692307693,0.2948717948717949,0.10256410256410256,0.14102564102564102,0.10256410256410256
Michael Wilhoite,LB,Seattle Seahawks,262,0.15,0.1,0.15,0.35,0.05,0.05,0.15
K.J. Wright,LB,Seattle Seahawks,956,0.07575757575757576,0.18181818181818182,0.09090909090909091,0.3181818181818182,0.10606060606060606,0.16666666666666666,0.06060606060606061
Kam Chancellor,SS,Seattle Seahawks,524,0.047619047619047616,0.2857142857142857,0.047619047619047616,0.38095238095238093,0.09523809523809523,0.047619047619047616,0.09523809523809523
Brent Grimes,CB,Tampa Bay Buccaneers,497,0.0,0.0,0.0,0.14285714285714285,0.07142857142857142,0.2857142857142857,0.5
Robert McClain,CB,Tampa Bay Buccaneers,407,0.3,0.1,0.1,0.1,0.1,0.3,0.0
Ryan Smith,CB,Tampa Bay Buccaneers,414,0.4444444444444444,0.2222222222222222,0.05555555555555555,0.05555555555555555,0.1111111111111111,0.05555555555555555,0.05555555555555555
Robert Ayers,DE,Tampa Bay Buccaneers,539,0.038461538461538464,0.11538461538461539,0.2692307692307692,0.46153846153846156,0.038461538461538464,0.038461538461538464,0.038461538461538464
Will Clarke,DE,Tampa Bay Buccaneers,203,0.2222222222222222,0.1111111111111111,0.2222222222222222,0.4444444444444444,0.0,0.0,0.0
William Gholston,DE,Tampa Bay Buccaneers,369,0.05555555555555555,0.19444444444444445,0.1111111111111111,0.3333333333333333,0.05555555555555555,0.16666666666666666,0.08333333333333333
Ryan Russell,DE,Tampa Bay Buccaneers,344,0.23076923076923078,0.0,0.15384615384615385,0.38461538461538464,0.15384615384615385,0.0,0.07692307692307693
Noah Spence,DE,Tampa Bay Buccaneers,226,0.125,0.0,0.25,0.375,0.0,0.25,0.0
Darryl Tapp,DE,Tampa Bay Buccaneers,23,0.0,0.0,0.0,1.0,0.0,0.0,0.0
Chris Baker,DT,Tampa Bay Buccaneers,430,0.07142857142857142,0.10714285714285714,0.10714285714285714,0.42857142857142855,0.10714285714285714,0.07142857142857142,0.10714285714285714
Gerald McCoy,DT,Tampa Bay Buccaneers,794,0.07894736842105263,0.15789473684210525,0.10526315789473684,0.39473684210526316,0.10526315789473684,0.13157894736842105,0.02631578947368421
Clinton McDonald,DT,Tampa Bay Buccaneers,300,0.0,0.10526315789473684,0.21052631578947367,0.47368421052631576,0.10526315789473684,0.0,0.10526315789473684
Sealver Siliga,DT,Tampa Bay Buccaneers,78,0.25,0.0,0.0,0.0,0.0,0.25,0.5
Keith Tandy,FS,Tampa Bay Buccaneers,152,0.0,0.5,0.0,0.1,0.0,0.2,0.2
T.J. Ward,FS,Tampa Bay Buccaneers,341,0.16666666666666666,0.041666666666666664,0.125,0.25,0.16666666666666666,0.125,0.125
Kwon Alexander,LB,Tampa Bay Buccaneers,716,0.2222222222222222,0.12962962962962962,0.05555555555555555,0.35185185185185186,0.037037037037037035,0.05555555555555555,0.14814814814814814
Kendell Beckwith,LB,Tampa Bay Buccaneers,846,0.16279069767441862,0.09302325581395349,0.06976744186046512,0.27906976744186046,0.046511627906976744,0.16279069767441862,0.18604651162790697
Lavonte David,LB,Tampa Bay Buccaneers,813,0.1,0.1,0.06666666666666667,0.35,0.2,0.03333333333333333,0.15
Adarius Glanton,LB,Tampa Bay Buccaneers,257,0.1875,0.125,0.1875,0.25,0.0625,0.125,0.0625
Chris Conte,SS,Tampa Bay Buccaneers,620,0.12903225806451613,0.0967741935483871,0.12903225806451613,0.3548387096774194,0.12903225806451613,0.0967741935483871,0.06451612903225806
Justin Evans,SS,Tampa Bay Buccaneers,640,0.20833333333333334,0.16666666666666666,0.08333333333333333,0.125,0.16666666666666666,0.125,0.125
Adoree' Jackson,CB,Tennessee Titans,762,0.07692307692307693,0.07692307692307693,0.07692307692307693,0.23076923076923078,0.07692307692307693,0.23076923076923078,0.23076923076923078
Brice McCain,CB,Tennessee Titans,42,1.0,0.0,0.0,0.0,0.0,0.0,0.0
Logan Ryan,CB,Tennessee Titans,637,0.10526315789473684,0.10526315789473684,0.21052631578947367,0.2631578947368421,0.10526315789473684,0.21052631578947367,0.0
LeShaun Sims,CB,Tennessee Titans,67,0.0,0.0,0.0,0.5,0.0,0.0,0.5
Tye Smith,CB,Tennessee Titans,67,0.0,0.0,1.0,0.0,0.0,0.0,0.0
DaQuan Jones,DE,Tennessee Titans,374,0.12,0.12,0.24,0.24,0.2,0.08,0.0
Jurrell Casey,DT,Tennessee Titans,816,0.06382978723404255,0.1276595744680851,0.10638297872340426,0.2978723404255319,0.19148936170212766,0.14893617021276595,0.06382978723404255
Kevin Byard,FS,Tennessee Titans,1085,0.05555555555555555,0.16666666666666666,0.16666666666666666,0.2777777777777778,0.08333333333333333,0.16666666666666666,0.08333333333333333
Jayon Brown,LB,Tennessee Titans,259,0.0,0.0,0.38461538461538464,0.15384615384615385,0.07692307692307693,0.23076923076923078,0.15384615384615385
Derrick Morgan,LB,Tennessee Titans,525,0.0625,0.0625,0.125,0.375,0.125,0.25,0.0
Brian Orakpo,LB,Tennessee Titans,692,0.25,0.10714285714285714,0.17857142857142858,0.21428571428571427,0.14285714285714285,0.07142857142857142,0.03571428571428571
Erik Walden,LB,Tennessee Titans,492,0.04,0.12,0.08,0.2,0.28,0.08,0.2
Avery Williamson,LB,Tennessee Titans,603,0.04411764705882353,0.17647058823529413,0.16176470588235295,0.23529411764705882,0.17647058823529413,0.17647058823529413,0.029411764705882353
Wesley Woodyard,LB,Tennessee Titans,1016,0.04285714285714286,0.14285714285714285,0.12857142857142856,0.37142857142857144,0.1,0.12857142857142856,0.08571428571428572
Sylvester Williams,NT,Tennessee Titans,237,0.05263157894736842,0.21052631578947367,0.10526315789473684,0.2631578947368421,0.05263157894736842,0.21052631578947367,0.10526315789473684
Johnathan Cyprien,SS,Tennessee Titans,543,0.0,0.09090909090909091,0.06060606060606061,0.45454545454545453,0.15151515151515152,0.18181818181818182,0.06060606060606061
Da'Norris Searcy,SS,Tennessee Titans,222,0.0,0.25,0.08333333333333333,0.3333333333333333,0.16666666666666666,0.16666666666666666,0.0
Bashaud Breeland,CB,Washington Redskins,513,0.375,0.125,0.125,0.0,0.0625,0.0,0.3125
Quinton Dunbar,CB,Washington Redskins,215,0.2857142857142857,0.0,0.0,0.7142857142857143,0.0,0.0,0.0
Kendall Fuller,CB,Washington Redskins,501,0.1111111111111111,0.1111111111111111,0.05555555555555555,0.2777777777777778,0.1111111111111111,0.2222222222222222,0.1111111111111111
Fabian Moreau,CB,Washington Redskins,34,0.0,0.0,0.0,0.0,0.0,0.0,1.0
Josh Norman,CB,Washington Redskins,832,0.0,0.0,0.06060606060606061,0.2727272727272727,0.18181818181818182,0.2727272727272727,0.21212121212121213
Jonathan Allen,DE,Washington Redskins,108,0.14285714285714285,0.0,0.14285714285714285,0.5714285714285714,0.14285714285714285,0.0,0.0
Matthew Ioannidis,DE,Washington Redskins,468,0.05555555555555555,0.05555555555555555,0.05555555555555555,0.3888888888888889,0.16666666666666666,0.2222222222222222,0.05555555555555555
Anthony Lanier,DE,Washington Redskins,168,0.1111111111111111,0.1111111111111111,0.1111111111111111,0.3333333333333333,0.3333333333333333,0.0,0.0
Terrell McClain,DE,Washington Redskins,219,0.11764705882352941,0.11764705882352941,0.058823529411764705,0.23529411764705882,0.17647058823529413,0.11764705882352941,0.17647058823529413
Stacy McGee,DE,Washington Redskins,396,0.023255813953488372,0.13953488372093023,0.18604651162790697,0.2558139534883721,0.23255813953488372,0.13953488372093023,0.023255813953488372
A.J. Francis,DT,Washington Redskins,164,0.058823529411764705,0.058823529411764705,0.17647058823529413,0.4117647058823529,0.17647058823529413,0.058823529411764705,0.058823529411764705
DeAngelo Hall,FS,Washington Redskins,157,0.0,0.0,0.0,0.4,0.2,0.4,0.0
Montae Nicholson,FS,Washington Redskins,290,0.3076923076923077,0.0,0.23076923076923078,0.23076923076923078,0.0,0.15384615384615385,0.07692307692307693
D.J. Swearinger,FS,Washington Redskins,1092,0.1,0.12,0.12,0.28,0.1,0.18,0.1
Ryan Anderson,LB,Washington Redskins,121,0.09090909090909091,0.0,0.18181818181818182,0.18181818181818182,0.18181818181818182,0.09090909090909091,0.2727272727272727
Zach Brown,LB,Washington Redskins,834,0.15714285714285714,0.14285714285714285,0.1,0.2714285714285714,0.14285714285714285,0.05714285714285714,0.12857142857142856
Mason Foster,LB,Washington Redskins,216,0.05263157894736842,0.10526315789473684,0.10526315789473684,0.3684210526315789,0.05263157894736842,0.10526315789473684,0.21052631578947367
Junior Galette,LB,Washington Redskins,219,0.2857142857142857,0.07142857142857142,0.21428571428571427,0.2857142857142857,0.07142857142857142,0.0,0.07142857142857142
Josh Harvey-Clemons,LB,Washington Redskins,54,0.0,0.0,0.0,0.75,0.0,0.25,0.0
Ryan Kerrigan,LB,Washington Redskins,669,0.14814814814814814,0.1111111111111111,0.14814814814814814,0.18518518518518517,0.037037037037037035,0.25925925925925924,0.1111111111111111
Preston Smith,LB,Washington Redskins,667,0.18518518518518517,0.1111111111111111,0.037037037037037035,0.2962962962962963,0.1111111111111111,0.1111111111111111,0.14814814814814814
Martrell Spaight,LB,Washington Redskins,410,0.13043478260869565,0.10869565217391304,0.15217391304347827,0.2608695652173913,0.1956521739130435,0.043478260869565216,0.10869565217391304
Zach Vigil,LB,Washington Redskins,394,0.07692307692307693,0.05128205128205128,0.1282051282051282,0.28205128205128205,0.23076923076923078,0.20512820512820512,0.02564102564102564
Evander Hood,NT,Washington Redskins,389,0.08695652173913043,0.08695652173913043,0.21739130434782608,0.30434782608695654,0.17391304347826086,0.08695652173913043,0.043478260869565216
Deshazor Everett,SS,Washington Redskins,544,0.03125,0.0625,0.03125,0.46875,0.09375,0.15625,0.15625
